,label,text
2601,0,You are not being sold by Duterte to China. He just don't know what is best for the country because no one told him.  https://twitter.com/citizenjaneph/status/1229657388489162752Â â€¦
3721,0,Drone Army Disinfects Chinese Villages Amid Virus Fears.  An army of drones is being deployed in villages and cities across #China to disperse disinfectant as the #Wuhan coronavirus escalates in severity.  #CoronarvirusOutbreak #coronawirus #coronavirus pic.twitter.com/R8KLayABcA
1438,2,Touches on significance of traditional Chinese medicine in China. #china  https://foreignpolicy.com/2020/02/03/tcm-shuanghuanglian-pseudoscience-chinese-media-is-selling-snake-oil-to-fight-the-wuhan-virus/Â â€¦
1752,-1,i donâ€™t live in portland anymore thank Gd but in the eug itâ€™s not much better the other day i passed a stand selling the CCP newspaper and saying â€œstand against imperialism w chinaâ€
1313,-1,"The next question is: with the oublast of #coronavirus  and economic regression, could it leads toa complete political revolution?  A more democratic #china is beneficial to all."
2871,-1,"This ruthless beast can only be tamed by fear of engaging a deadly enemy. China and Russia must show their teeth or the vampire will launch against Iran sooner than later a new war, vastly more devastating than all previous Middle East wars combined"
2996,-2,"Yeah don't say anything bad about China, they will cut your pay."
3941,1,China seeks help of national tech giants to track coronavirus with QR codes  https://www.reuters.com/article/us-china-health-qr-code/china-seeks-help-of-national-tech-giants-to-track-coronavirus-with-qr-codes-idUSKBN20B10T?feedType=RSS&feedName=topNewsÂ â€¦
1809,-2,In the same day: â€¢ Impeachment trial of POTUS â€¢ UK officially leaves EU â€¢ Potential evidence the coronavirus was an HIV-infused bioweqpon from China  pic.twitter.com/XSD5mL9Uqr
2056,0,"China, was not declaring war. It's a full 45 minutes."
2797,0,"@lookner  â€œGround Zero"" For China's Virus - Hubei Province Prepares 100,000 Hospital Beds | Zero Hedge  https://www.zerohedge.com/health/ground-zero-chinas-virus-hubei-province-prepares-100000-hospital-bedsÂ â€¦"
756,0,Why new diseases keep appearing in China  https://youtu.be/TPpoJGYlW54Â  via @YouTube  WARNING this is/can be disturbing but it DOES explain why of SARS and now this new Virus-19
3504,-2,Chinaâ€™s communist government is to blame for the situation being as bad as it is.  https://worldaffairscenter.com/2020/02/02/the-coronavirus-scare-highlights-the-failures-of-communism/Â â€¦
2395,0,he had a chance to speak in China for the protesters and nothing but silence but now he found his voice ?
3153,1,rich brian representing Indonesia Higher Brothers representing china  Manila grey representing Philippines
1179,0,No flight to China? Wuhan virus has you guys quite stirred up. But then again it is not the first time you neglected your China market in your marketing.
2170,0,"Sun YÃ¡ng was cleared by the inquiry committee and waiting to hear from appeals board who are most likely going to clear him...Mack Horton stance was considered racist by China, what has Mack done to have a pool named after him anyways? For whinging about coming 2nd?"
1972,-1,"America spends trillions of dollars on over rated, inefficient and very expensive Military equipment when Russia and China can compete by spending far less by purchasing smart weapons  https://twitter.com/farnazfassihi/status/1213855988186570755Â â€¦"
919,1,Lunar New Year means everything in China. Canceling celebrations is a massive deal - CNN  https://www.cnn.com/2020/01/24/china/virus-lunar-new-year-intl-hnk-scli/index.htmlÂ â€¦
1261,2, https://youtu.be/kSov7MpaIIgÂ  Shaun Murphy vs Yan Bingtao Snooker Welsh Open | Semi Final #ShaunMurphy #YanBingtao #WelshOpen #Snooker #Final #China #coronavirusus #iHeartAwards #trump #Iran #ronnie #Darts #MichaelVanGerwen #football #tennis #monfils #federer #nadal #messi #ronaldo
105,1,The Chinese city of Wuhan is set to build a hospital in six days in order to treat patients suspected of contracting the coronavirus @BBCWorld asks How can China build a hospital so quickly?  https://www.bbc.com/news/world-asia-china-51245156Â â€¦
1186,-2,#HKPoliceState #HKPoliceTerrorist #SOSHK #china_is_terroist pic.twitter.com/R4rpgh1ZaZ
2000,1,China denounces â€˜politicalâ€™ attack on Huawei by Pompeo  http://rviv.ly/0qW7ngÂ 
1881,0,"Meanwhile in Washington, the President just signed a landmark Phase One Trade Agreement with China â€” making good on his promise to fix the failed policies of the past by fighting for American workers and American industries."
3199,1,China has started construction of 1300 beds hospital for the treatment of coronavirus patients..it will be completed in six days...
2644,-2,"Slave markets in Libya, slave labor in China, starvation in Venezuela, Christians persecuted in Africa. Are we supposed to occupy every country forever to right every wrong? Are you willing to go die in these far away places? Condemn your family or other people's kids to die?"
3692,-1,"Hey what's your take on china yet? Did you brother educate about how great communism is, killing baby girls, and what not? Asking for a friend. 99% of warriors fans just like 99% of my followers dont care about our political views."
376,-2,Yo China man GFO!  STAY OUT CHINK!   https://news.yahoo.com/north-korea-border-shut-china-112338268.htmlÂ â€¦
3632,-1,I donâ€™t care what China accuses the US of. Oops ended a sentence with a preposition ğŸ˜.  https://twitter.com/Reuters/status/1224413494381989888Â â€¦
3186,-1,"US @StateDept designates five Chinese media outlets as â€œforeign missionsâ€ â€“ essentially diplomatic arms of #Chinaâ€™s govt â€“ requiring reports on personnel & property: Xinhua, CGTN, China Radio Intl (CRI), China Daily & Hai Tan (Peopleâ€™s Daily) â€“@cjf39/@ABC > https://abcn.ws/2HyD9aTÂ  pic.twitter.com/LxRLiHfxU6"
1053,0,Did ya order it from China?
1044,0,"China's top virus lab is in Wuhan, the center of the outbreak  https://www.dailymail.co.uk/health/article-7922379/Chinas-lab-studying-SARS-Ebola-Wuhan-outbreaks-center.html?ito=amp_twitter_share-topÂ â€¦ via @MailOnline"
2506,2,"This is Chinese socialism is in action. China owns its healthcare, science, resources, etc. industries and owns all its land (no private property ownership)â€”which enables China to produce and distribute resources for the good of the people and not profit.   https://twitter.com/globaltimesnews/status/1221297473055969280?s=19Â â€¦"
2974,-2,Conspiracy Links Deadly Coronavirus to Human Made Bio-Weapon in ChinaÂ Lab  https://urbwise.com/2020/02/20/coronavirus-could-be-human-bioweapons/6768/Â â€¦ pic.twitter.com/Q21tQ4XndO
1032,0,"I love 'Shinjiang' (China), and ofcourse for that u can Call me Islamophobic ğŸ¤£ğŸ¤£ğŸ¤£"
1380,-2,"Corona virus a result of China's bio-warfare experiment, says Israeli biological warfare analyst:  https://www.organiser.org/Encyc/2020/1/29/Corona-virus-a-result-of-China-s-bio-warfare-experiment-says-Israeli-biological-warfare-analyst.htmlÂ â€¦ via @eOrganiser"
3458,-2,"Thanks for standing with China, together you are representing evil.  https://twitter.com/HongKongFP/status/1217091221090267137Â â€¦"
2106,-2,"May be China should stop what triggered this virus in the first place, and the world would have been fine. ğŸ™„"
2711,1,"China PM who told we'll translate the Quran as our own  realised that the only one way to protect from the korona virus is doing 'sajtha' to Allah and went to mosque to pray,  ALLAH Ho AKBAR  pic.twitter.com/v6iAgClzaa"
280,-1,"The beginning efforts to have America follow in paths of outright Communism and Socialism ala China, Russia, etc."
2807,-2,"Fossil fuel use (natural gas) is the only thing that has ever reduced CO2 usage successfully (a little!) in America (by replacing coal).  Also, China is the problem. Do your activist crap there.  pic.twitter.com/wDwBgvpVSG"
2734,0,...so #China is spraying disinfectant in the air along roads to halt the spread of this non-airborn #coronavirus just for fun. Got it.  https://twitter.com/TruthRaiderHQ/status/1220033745094414339?s=20Â â€¦ #wuhan #fakenews #propaganda #lies #canada #cdnpoli #pandemic @jjhorgan @bcndp @JustinTrudeau @liberal_party
1632,1,Don't you have a golf date in China? Best get going.
839,0,China which is state capitalist and India which is capitalist? Uhh  And pretty sure people *checks notes* are the ones that created and perpetuated capitalism
3195,-2,All I'm saying is that China was really starting to feel the pressure from the whole Hong Kong protest thing and then some crazy virus starts and every one forgets also recycling drive coming soon! #YangGang
4004,0,U.S. weighs blocking GE engine sales for China's new airplane: sources  https://ift.tt/2Sw6bOOÂ 
3578,-1,Trump Trade Deal Raises Issue of Trusting China to Deliver   https://bloom.bg/30kvnKrÂ  @bpolitics
3246,-2,"Australia's longstanding cozy consensus in favor of close engagement with China, its  biggest trading partner by far, has shattered. This article seeks to unfairly paint the Australian Strategic Policy Institute (ASPI) as the villain.  https://www.afr.com/policy/foreign-affairs/the-think-tank-behind-australia-s-changing-view-of-china-20200131-p53wgpÂ â€¦"
2625,-2,"Shipments from China pose a health risk, Bioweapon Virus lives in open exposure for 20 days. Refrigerated or shielded in the container product packaging who can say."
553,1,Malaysia announces Visa-free entry in 2020 for tourists from India and China  http://dlvr.it/RMGLyvÂ  pic.twitter.com/xkXjZkrF7t
1709,-1,Chinaâ€™s Huanggang City Government: To Seal All Residential Complexes At Start Of Feb 14
3568,1,"The new ship, Century Glory, offer comfort and indulgence at exceptionally good value for money.  http://dld.bz/gN7maÂ  #China #News #Travel #Cruise #News2019 pic.twitter.com/Kx3ZL7YBSG"
443,-2,It demonstrated the power of universal censorship in China.  #antichinazi pic.twitter.com/VGpoWghw9I
3014,-2,"will global institutions substitute in important ways? China has far more capacity than 2003, greater intl integration, shared info early... but can more robust global networks substitute for free press, how deal w trust issues?  #nCoV2019 #coronavirus  https://twitter.com/mrc_outbreak/status/1221032729971773440?s=21Â â€¦ https://twitter.com/MRC_Outbreak/status/1221032729971773440Â â€¦"
2315,1,"My #Thucydides moment (for this week) is to observe the current Peloponnesian #War in our midst, the #coronavirus, writing caveats + updates. Unique #emergency #hospital is being built in #Wuhan, which is intended to be torn down immed. after #MegaVirus chills out. #ChinaVirus  https://twitter.com/guardian/status/1220729384031735808Â â€¦"
311,-2,#China Expands Chaotic Dragnet in #coronavirus Crackdown... The â€œwartimeâ€ campaign to round up all who might be sick was extended for all China and left some to die... Remember: Gotcha!  pic.twitter.com/ChBwX5qibC
1603,-1,Coronavirus by the numbers; wartime measures in China  https://youtu.be/bf9a_I5kCDkÂ  via @YouTube
29,2,"As #Medical  professionals in Wuhan, Hubei province, continue to battle the #coronavirus , their peers from all parts of China have been heading to the city to offer assistance. More than 11,000 medics have been sent to threre since the start of the outbreak. (Source/ChinaDaily)  pic.twitter.com/IRKhx19NeE"
3665,1,"You can't sit their and say she's anti HK. You might as well tell that to other celebrities from China that's also supporting the country over HK. Funny how y'all call her evil, a terrorist, etc. and don't even have the balls to say that to her face."
603,0,"There are novel coronavirus (2019-nCoV) cases reported outside of Wuhan, within China. These cases were identified because of searching and testing for cases outside Wuhan.  https://twitter.com/WHO/status/1219026530636091392?s=19Â â€¦"
1123,0,"China Has Ground To A Halt: ""On The Ground"" Indicators Confirm Worst-Case Scenario | Zero Hedge  https://www.zerohedge.com/economics/china-has-ground-halt-ground-indicators-confirm-worst-case-scenarioÂ â€¦"
2018,0,"Yeah right, like it destroyed China."
1213,0,World Bank not considering new China loans to fightÂ coronavirus  https://graballnews.com/world-bank-not-considering-new-china-loans-to-fight-coronavirus/Â â€¦ pic.twitter.com/uj13mTgG2s
1823,2,"As China celebrates Spring Festival we know some people in Hubei are suffering. But, with the effort of Chinese government/people, Coronavirus will come under control soon. May the new Year of the Rat be Healthy, Happy, Peaceful and Prosperous for China and the world"
1100,-2,"Discussing China and the WTO, trump is taking rhetoric from the business class as opposed to the political class, being that china uses it as a weapon.  When china joined the WTO it was highly contentious (human right abuses), but Clinton pushed it saying trade cures all evils."
2064,-1,Hopefully it will pass us by.  Watch the live feeds from China that have been snuck out at great cost to the bloggers who risked their lives to tell their stories.   You will quickly realise this isnt any ordanary naturally evolving flu
3696,0,Coronavirus: Thermal screening of flyers from China begins at 7 airports  http://dlvr.it/RNT2KNÂ  pic.twitter.com/NrOTAV30b3
1436,-2,@BillClinton When you were president you declared the people's republic of China a strategic partner of the United States. Simultaneously the PRC was and continues to steal an amazing amount of cyber information from American repositories.....
1174,-2,"Naziâ€™s bad because killed 5 million people.  Communist Stalin/USSR killed 20 million people! Chairman Mao of Peoples   Repulic of China number is debatable some say killed 40 million some say 75 million?  Lets just settle on, â€œhe is a bad personâ€.  Pol Pot killed  2 million!"
3860,0,"Disruption of trade with China will tank the world economy for at least a quarter, taking with it companies like 3M."
177,-2,"Now it is a common issue for Chinaâ€™s police force to break into citizensâ€™s and destroy their only entertainmentâ€”Mahjong, the most wildest loved game in China.  ç¾åœ¨ä¸­åœ‹çš„è­¦å¯Ÿå‹•ä¸å‹•å°±æ“…é—–æ°‘å±…ï¼Œç ´å£æ°‘çœ¾æ‰“éº»å°‡çš„å”¯ä¸€è‡ªæˆ‘éš”é›¢æ–¹å¼ã€‚  pic.twitter.com/xeHx8vqtjC"
2779,-1,Just watched to hear reporter say #CoronavirusOutbreak is suspected to have started in a meat market in China. The suspected meat? SNAKES.  https://twitter.com/CTVNationalNews/status/1219818643128770561Â â€¦
110,0,"Published a new blog entry Mike Adams: 300,000+ Fled Wuhan, China By Road As Quarantine Targeted Railways & Ai... http://www.silvergoldadvisor.com/index.php/home/entry/mike-adams-300-000-fled-wuhan-china-by-road-as-quarantine-targeted-railways-airportsÂ â€¦"
3307,-2,"How China flooded the U.S. with lethal fentanyl, fueling the opioid crisis  https://yhoo.it/38BH3fmÂ  by @adrianambells pic.twitter.com/t23i3H1Usz"
741,0,"if you think china has too many people now, itâ€™s nowhere near what it would have been like had they not put the one child policy in place"
3482,1,"Please Don't Generalize All of China,   it's only Some ppl in Some places"
2639,-1,"""U.S. Flight Rules on China Visits Will Pose New Airline Challenges"" by Reuters via NYT  https://ift.tt/37TMDJzÂ "
3201,-2,How Chinaâ€™s Political Warfare Traps Us in the Red Matrix  https://youtu.be/vJ4LwWdhymEÂ  via @YouTube
4137,0,Carfentanyl was developed tranqualise & knock down elephants in China and India so they could treat them. 99.9% of humans that try it are dead.
110,-2,"Racism in China is real though, your done and you won't get a job there cos you black"
246,0,China coronavirus outbreak with all these people going to all different  country's I can see it spreading everywhere 14 days is not along time it could show its self later could sit in the body longer before it goes full blown
1427,0,"It's not so simple, either. Many products will say ""Made in USA"" or use wording that makes you think it is. The bulk ingredients for many supplements/drugs/vitamins are made in China, then put together here. If you ask the company they'll never admit to Chinese sourcing directly."
3164,0,"I wonder. Has anyone taken the time, or had the time and resources, to perhaps do some research on China's response to other viral outbreaks and compare them to #coronavirus ? Wish I did as I think it could be enlightening. **Hint hint to the net slouthes out there**."
2831,2,"Say A prayer For #China #Wuhan  I believe China Can Fight This, The World Is Counting On You."
3294,-1,"Then you do it covertly and not risk WW3...  why do it out loud and thump your chest?  Now Iran, China and Russia are running unilateral naval drills.  Sheesh!  Most powerful country on earth and we act like Neanderthals.  Then expect civilized discourse in return SMH"
2440,0,"Frank Amedia promotes a conspiracy theory that the coronavirus was created in a lab in Wuhan, China, that engages in biological warfare research. Amedia praised Sen. Cotton for publicizing the theory, which was debunked, in an interview on Fox News.  https://www.rightwingwatch.org/post/steve-strang-and-frank-amedia-promote-coronavirus-conspiracy-theory/Â â€¦"
1946,-1,"How do you define yourself a GOP ... Like Mitch of Moscow or ??? pls name... Conservative?  Trump is one, Mitch or TX Ted - a Canadian Hoax? Think twice, as the ppl of China have no say who is in power..."
2751,1,Stay safe and best wishes for #China . @zlj517 https://twitter.com/zlj517/status/1226792738139471872Â â€¦
2880,-2,Iâ€™m coming across way too much of this.   China has massacred their own ppl before & it looks like itâ€™s happening again.  This comes off as Hitler esque  https://twitter.com/IbrohimJke/status/1224409509335977984Â â€¦
2054,1,Can someone please explain how $CTRP is up more than 15% in the past month during the coronavirus outbreak?  You have to love the Chinese government propping up the system! #ctrip #travel #china #stocks #EM
1135,0,"It's all because India's every thing is manufactured in China. Toy, electronic item, shoes, decorative items, cosmetics, clothes, full baby shops.  Only you will find made in India cover but actually no manufacturing unit in India. All are exported materials."
3134,0,Coronavirus outbreak: Authorities rush to contain fast-spreading outbreak of deadly virus in China  https://quote.plus/kYfÂ  pic.twitter.com/E1Wr2O0VHc
459,-2,#China_is_terrorist #BoycottChina #religionfreedom https://twitter.com/statedeptspox/status/1212116943819485191Â â€¦
835,0,Christians in China Courageously Share Gospel in Coronavirus Crisis Zone - Tim Tune  https://www.christianheadlines.com/contributors/tim-tune/chinese-christians-courageously-share-gospel-in-coronavirus-crisis-zone.htmlÂ â€¦ via @christianhlines
843,-1,Oh I get that. I am just saying the media blows it all out of proportion. I was in Kuwait during swine flu and our MO was horrible instead of ruling it out she was ruling it in. Twit. I think there is much more then we know. China is not transparent at all. ğŸ‘  pic.twitter.com/tKlcwtJZB3
937,0,Tahir. I dont believe that America will sign peace accord. America never like peace in Afghanistan as Afghan crises provide opportunty to him to remain in this Region for China and Russia.
469,0,Can we give him to China or someone
2936,-1,"If you dig into social media a little, the â€˜apparent â€˜ truth of what is taking place in China, the inaction by the WHO, various governments, etc starts to get a fellaâ€™s mind to wondering.  Given that context, this just seems really,  REALLY out of place for the NHL.  So why?"
1087,-2,China knew about virus weeks prior  http://a.msn.com/01/en-au/BB102KRS?ocid=st2Â â€¦ That shouldn't surprise anyone. They have a long history of being dangerous sneaky bastards.
3765,-1,"Sereno calls for action against the government's ""Manchurian"" policy that favors China over the Philippines' own interests. #LawfarePH #StopLawfare | via @JCGotinga"
3481,0,Coronavirus: At least four dead in China quarantine hotel collapse â€“ BBC News  https://tipsnews.info/coronavirus-at-least-four-dead-in-china-quarantine-hotel-collapse-bbc-news/Â â€¦ via @Tipsnews2020
3938,-2,"CHINA BARRICADING PEOPLE ** IN ** INFECTED CITIES!  Roads being Blocked with Piles of Dirt, Phone Lines off, Hospitals OUT of Supplies  https://halturnerradioshow.com/index.php/en/news-page/world/china-barricading-people-in-infected-cities-roads-being-blocked-with-piles-of-dirt-phone-lines-off-hospitals-out-of-suppliesÂ â€¦"
2127,1,China's most populous province to loosen grip on internal migration  http://dlvr.it/RN1JxjÂ  pic.twitter.com/o7CdAvAdxt
3031,2,Happy #ChineseNewYear!  #TeamCrowd #China #YearOfTheRat #GlobalAgency pic.twitter.com/Z8hSOGuohN
2441,-1,"#SouthKorea confirms 346 people in the country infected with #coronavirus. Forget about #China and their fake ""official"" number of cases. This virus is spreading incredible fast."
3318,-1,"Hard to come to conclusions, we have no idea how many of the severe china cases are older cases, and the outside china cases are likely newer cases and death due to complications caused by the virus could still rise over time, on the flip side, outside china likely better care"
3378,-2,China says Taiwan still belongs to it despite Tsai Ing-wen re-election â€“ EAST AUTOÂ NEWS  https://eastautonews.com/china-says-taiwan-still-belongs-to-it-despite-tsai-ing-wen-re-election-east-auto-news/Â â€¦ pic.twitter.com/7BdxcyVUgY
2345,-1,I do people in China & Iran keep logging into my uber account ??????????  pic.twitter.com/pAIKXQh33A
3187,-2,"Bolton Reportedly Raised Alarm About Trump Granting Favors To China, Turkey Leaders  http://dlvr.it/RNt87mÂ  pic.twitter.com/mcer6eoLBv"
2944,0,China lies for what? You guys prefer to believe that China is lying and killing its own people right? You guys enjoy every thing about demonizing China and Chinese people. You know what? China will be more strong and great than before after this crisis. Let's see  https://twitter.com/trish_regan/status/1220888235385245696Â â€¦
725,2,in China you reopen your business you are given tax incentives. other countries they encourage investors .in Kenya they come with new system and back dates so that @KRACare they make revenue from penalties ğŸ˜
3766,-1,"Mitsubishi Electric discloses data breach, media blame China-linked APT  (via @CSecurityAlerts #Cybersecurity News) http://go.newsfusion.com/security/item/1579392Â â€¦"
3680,0,"Coronavirus Upends Travel Within and Outside of China  https://nationalinterest.org/sites/default/files/styles/resize-1440/public/main_images/IMG_5450Â â€¦ copy_0.jpg?itok=DUK9q_EL Coronavirus Upends Travel Within and Outside of China  Mitchell Blatt Coronavirus, Asia   Unreal ...  pic.twitter.com/dHvGfmVTcw"
3499,0,So they fucked their own economy and started a pandemic to end some protests? Thatâ€™s quite the spicy take. If China was so worried about the protests they would have just sent in the military Tiananmen Square style
3158,-1,ä¸­æ–‡ | #Stigmabase â€” Academics have called on China to phase out its university enrollment ... in the big citiesâ€¦  https://goo.gl/fb/SaHJfmÂ 
1165,-1,Worse. You donâ€™t just quarantine a city of 11 million. It would seem there is big trouble in little China
906,-2,WW3... The world against China.  I'm down with that.
1944,1,"China's #HongKong said on Tue that it has assisted 487 overseas and Mainland companies to set up or expand in the city in 2019, #highest number of all time pic.twitter.com/I0n20hOqzs"
2333,1,"and Vietnam for example. There are outside observers in China, and China cooperates with them.   Chinaâ€™s history most likely suggests they kept a lid on things earlier until they couldnâ€™t any longer. They are an authoritarian state with a lot of problems, but we have good reason"
4020,1,"haruto is the most followed member among treasure with almost 9k followers (haruto china bar), trending on weiboâ€™s rising superstar talk at 34th place along with famous chinese idols and Treasure at 38th place,, the power screams roty 2020ğŸ’†â€â™€ï¸ğŸ’…ğŸ» #íŠ¸ë ˆì € #TREASURE @ygtreasuremaker pic.twitter.com/QUGCVyPVmI"
2514,-1,"As New Coronavirus Spread, Chinaâ€™s Old Habits Delayed Fight  https://nyti.ms/37Q9QMyÂ "
3508,-2,"China looks like the future of America. When government gets in bed with corporations and creates state sponsored monopolies, it limits the choice of the consumer. And then when those corporations bend to the governmentâ€™s will, we lose a lot of freedom."
2986,-1,corona is enough to defeat china
1155,-2,Why is China so afraid of the facts being made known?  It's no shame to be struggling in a crisis. The only shame is in silencing those who speak out.
2531,1,Heartbroken Families Trying To Adopt Children In China Are Facing Indefinite Delays Due Toâ€¦  https://goo.gl/fb/erNRAUÂ 
1615,-2,What if china are sending bio bombsğŸ˜³
3871,-2,"Trump opened us up to this, and the GOP enabled it by condoning his behaviour and downplaying his requests for foreign interference as a joke. China saw Russia benefitted and did not really pay a price, so they want in the game.  https://twitter.com/joshrogin/status/1220771887896322050Â â€¦"
3570,-2,"China's top virus lab is in Wuhan, the center of the outbreak  https://mol.im/a/7922379Â  via @MailOnline"
305,-2,"I was speaking only about the picture and survey in question - not the current Iran situation. Like it or not, the US keeps those dictators in check so it looks like they are passive or peaceful. Imagine a world in which the dominant power is Iran, China, Russia, or North Korea."
4041,-2,"And it is time for a regime change in China...Chinese People deserve democracy, they deserve to be free from Communism. #coronavirus"
774,1,The hottest dining experience in China is now taking over in L.A.â€™s biggest Chinese communities.   https://www.latimes.com/food/story/2020-01-24/hot-pot-sichuan-san-gabriel-valleyÂ â€¦
2255,0,China's Shenzhen proposes ban on eating cats and dogs amid coronavirus outbreak.... #China #Shenzhen #Coronavirus #Cats #Dogs #COVID19 #COVID2019 #Covid_19 #CoronavirusOutbreak https://thepigeonexpress.com/chinas-shenzhen-proposes-ban-on-eating-cats-and-dogs/Â â€¦
3515,-2,I think China should appologise to the world for infecting multipel countrys with the Corona Virus
917,-2,"Racism in China is real though, your done and you won't get a job there cos you black"
953,0,President of China Xi Jinping said after coronavirus outbreak the country is facing a difficult situation - à¤•à¥‹à¤°à¥‹à¤¨à¤¾à¤µà¤¾à¤¯à¤°à¤¸ à¤«à¥ˆà¤²à¤¨à¥‡ à¤ªà¤° à¤¬à¥‹à¤²à¥‡ à¤šà¥€à¤¨ à¤•à¥‡ à¤°à¤¾à¤·à¥à¤Ÿà¥à¤°à¤ªà¤¤à¤¿ à¤¶à¥€ à¤œà¤¿à¤¨à¤ªà¤¿à¤‚à¤—- à¤¦à¥‡à¤¶ à¤®à¥à¤¶à¥à¤•à¤¿à¤² à¤¸à¥à¤¥à¤¿à¤¤à¤¿ à¤•à¤¾ à¤¸à¤®à¤¾à¤¨à¤¾ à¤•à¤° à¤°à¤¹à¤¾ à¤¹à¥ˆ  https://www.livehindustan.com/international/story-president-of-china-xi-jinping-said-after-coronavirus-outbreak-the-country-is-facing-a-difficult-situation-2984023.htmlÂ â€¦
986,-2,The deal is not any better than what we had 2 years ago. China is definitely buying some time to see how the elections will go in Nov.
4023,-1,You people that buy things from China online and ship it down here. Please donâ€™t be unfortunate by bringing corona virus to Nigeria. Letâ€™s be guided
186,-2,"The world's biggest  ""Big Brother"" communist criminal Xi Jinping *was* directly responsible for releasing the corona virus to the world from their lab in Wuhan where the leading health officer died recently!   https://nypost.com/2020/02/22/dont-buy-chinas-story-the-coronavirus-may-have-leaked-from-a-lab/Â â€¦ #china #bigbrother #evilChina #coronavirus"
2346,1,Made in China?ğŸ˜
2529,-1,"Hey China, if youâ€™re listening...we have some laundry that needs air:  https://twitter.com/AdamSerwer/status/1237199123117494273Â â€¦"
2856,-2,"I have seen video from China where the iron gates have been wielded, mud and stone dumped outside the house gates, and other such acts, to trap people inside the houses."
4186,-1,China central bank policy also like in Japan without any effect. Liquidity trap. Currency turmoil ahead
129,-1,When can we buy an i phone that doesnâ€™t have installed spyware from China. #MadeInUSA What will the estimated cost be to buy here? Is the 5G safe? Can you explain that at your town hall with @marthamaccallum thank you We Love President Trump!ğŸ‡ºğŸ‡¸â¤ï¸ğŸ‡ºğŸ‡¸â¤ï¸ #Trump2Q2QLandslide #KAG
899,0,"It doesn't look like she's politicizing or using the issue to her benefit. It's better than listening to Duque who is more concerned on what China would say than the welfare of Filipinos. Better than ""Not this time"" argument of Duterte yesterday on banning the Chinese issue."
4030,0,Are you saying China would lie to us? Bite your tongue.
642,-2,Cats are cooked alive in China  https://www.sosvox.org/s/cvKj?shrhash=e413821c902de62221efdb15ed12d2b4-ebea5c34cbb3d48da47fa74451a7d7c9Â â€¦ via @sosvox
2598,-1,#BREAKING: The Whole City of #Wuhan #China has been #Quarantined!! & What Created the #CoronaVirus!? #wuhanquarantine #WuhanOutbreak #ChinaCoronaVirus #CoronavirusOutbreak  https://www.youtube.com/watch?v=Nq5thNvsXJs&feature=youtu.beÂ â€¦
406,-1,"Also, Hong Kong has been existing for the last 6000 years but was incorporated into China during the Qin dynasty, about 3rd century B.C. So from that point of view as well, it hasn't always been a part of China."
3101,-2,#Katyayan #China #China_is_terrorist #China_kills_Muslims Economic Times: How are China's neighbors combating the PLA Navy?.  https://economictimes.indiatimes.com/news/defence/how-are-chinas-neighbors-combating-the-pla-navy/articleshow/73133369.cms?UTM_Source=Google_Newsstand&UTM_Campaign=RSS_Feed&UTM_Medium=ReferralÂ â€¦  via @GoogleNews
2878,-2,Dairy farmer slams government for handing milk contract to China  https://mol.im/a/7914823Â  via @MailOnline
491,1,"I guess every once in a while, something that's ""made in china"" breaks its stereotype and a thing of quality is produced instead."
3474,-2,"Given that China has no free press, those who doubt the wisdom or proportionality of expelling Chinese journalists in the US might at least try to explain to the rest of us what they think they are doing there?"
3362,-1,"Two cruisers of Imperial Chinaâ€™s Navy in the 1880s, Yang Wei and Chao Yung, carried the heaviest armament for any vessels of their size. But all ended in tragedy when they met the Japanese Navy in combat in 1895. Click:  http://bit.ly/2TpXsPgÂ  #NavalHistory #MaritimeHistory pic.twitter.com/3atRZvxNYn"
3303,-2,"Must they Eat everything they seeğŸ¤¦ğŸ˜© ğŸš¸âœğŸ»ğŸš¨ The animal that transmitted the #coronavirus to the identified human? The #pangolin is the missing link! .  By eating it, the Chinese were infected, the Southern Agriculture University of #China reported. . .  pic.twitter.com/xCn9tavLjx"
396,0,@DiamondandSilk hey girls I was just thinking why don't they just send ballots to Russia and China and have them vote for next American president if you don't have to be a citizen it doesn't matter does it
3004,0,"Josh believes it not possible China is working in bioengineering diseases like #coronvirus #ChinaVirus #chinaoutbreak  Please name the long history of new pathogens jumping from Animals to Humans and killing thousands.  Don't trouble urself, just name the last 5 viruses that did https://twitter.com/joshtpm/status/1226584947252760578Â â€¦"
2111,0,"""The West may not like Chinaâ€™s authoritarian state capitalism, but it must get its own house in order... The current US administration lacks any such strategic vision. The protectionist, unilateralist, illiberal Trump... will â€œMake China Great Again.â€""  https://www.project-syndicate.org/commentary/us-china-strategic-rivalry-decoupling-by-nouriel-roubini-2019-12Â â€¦?"
2073,-1,"Interesting data: China's asks for @Apple user data doubled in first half of last year. Evidence of ever more surveillance.   Even more interesting: the US was previously number one, but now China is (slightly) ""ahead"" h/t @technodechina @ChrisUdemans pic.twitter.com/Ft5EBdo1pz"
485,0,How many wars has China started in the last 30 years as compared to the US? Which of the 2 countries deploys military troops all over the world? The facts speak for itself.
3414,0,For China they couldâ€™ve used this mask and for every other country used  a more skeletal mask
1277,2,"A team from Georgia Tech, Penn State and China present a method that could lead to better, safer batteries.  The researchers found a way to grow and observe lithium whiskers and dendrites.   https://pvbuzz.com/method-that-could-lead-to-better-safer-batteries/Â â€¦"
856,-2,"Everybody with #coronarvirues in China is becoming the same dust as Uyghur Muslims. look you all have the same fate, Death.   ""Ø¨Û’ Ø´Ú© Ú©Ø§Ø¦Ù†Ø§Øª Ù…ÛŒÚº Ø¨ÛØª Ø³ÛŒ Ù†Ø´Ø§Ù†ÛŒØ§Úº Ú¾ÛŒÚºØŒ Ø³ÙˆÚ†Ù†Û’ ÙˆØ§Ù„ÙˆÚº Ú©Û’ Ù„Ø¦Û’""   Ø§Ù„Ù‚Ø±Ø¢Ù†."
2049,1,Actually the world was fighting Britainâ€™s allies were India the West Indians every country in the Middle East Pakistan Bangladesh China I could go on but thereâ€™s so many countries fighting the Germans..ğŸ‘ğŸ»  https://twitter.com/ashlea_robyn/status/1218141483494146048Â â€¦
1054,-2,"Russia and China are undoubtedly at the top of this list. The US, even if it goes to war in Iran, isn't causing 'world war 3'."
2502,-2,"But what US did not do is to arrest people for â€œrumor mongeringâ€. The US media criticized the government before u. Where in China in nobody dares to talk about the epidemic, Scapegoat strategy is used. Criminals dont get to judge others."
4025,0,Sounds like heâ€™s not to smart or not listening itâ€™s clearly because of the corona virus ğŸ¦  which is what the markets are saying & itâ€™s because so many of our large corporations depend on cheap labor & goods from China itâ€™s as simple as that  https://twitter.com/justinbaragona/status/1231972713574653952Â â€¦
2080,-1,"If @JoeBiden or any of the other loon Democrats were in charge of this outbreak, weâ€™d all be in our graves. @realDonaldTrump is right. Itâ€™s a foreign virus spread here from China. All of his responses were responsible and too the point. (1/1)  https://twitter.com/GeraldoRivera/status/1238163074567323648Â â€¦"
3742,-2,China - people republic of incompetency #wuhan #ChinaVirus
3286,1,China has issued a record number of force majeure certificates to exempt local exporters from fulfilling contracts. But the effort to staunch economic fallout from the cornoavirus outbreak could undermine Beijingâ€™s credibility  https://on.ft.com/2I1iyMLÂ 
3607,-1,In the past three years US has been the intimidator abandoning allies(Kurds) and ripping up treaties(Iran). China has... offered business loans. Times change and do do relationships.
2994,-1,"In China, an 11-year-old girl was raped violently by a 20-year-old man.  The man was sentenced to three years in jail but did not have to stay in prison.  The girl's parents are despairing about the judiciary   https://twitter.com/chanceduoduo/status/1232544656111439872?s=21Â â€¦ https://twitter.com/ChanceDuoDuo/status/1232544656111439872Â â€¦"
1362,0,Have you sent some of your DNA samples to create a super vaccine and save the communist republic of China single handedly?!!!
3770,0,"For Tesla, Q1 deliveries of 85-90K (35-43%) versus 63K a year ago would be very decent given the Coronavirus tragedy in China."
647,0,Video of an elderly Chinese couple infected with coronavirus goes viral..... || #Coronavirus #Wuhan #China #COVID19 #CoronavirusOutbreak #ViralVideos https://thepigeonexpress.com/video-of-elderly-chinese-couple-infected-with-coronavirus-goes-viral/Â â€¦
2388,0,Bloomberg loves China. If he won they would be popping champagne bottles in Beijing.
2719,-1,Hey dumbo China ? ğŸ˜¬ğŸ¤¦â€â™‚ï¸....why donâ€™t u have data for Taiwan ğŸ‡¹ğŸ‡¼
274,-1,"If this is true, then have a word with the multi national corporations of this world, itâ€™s them doing the damage. Canada and Australia leading exporter of coal, have a word with them, and China for burning it all. We are little people and we are trying, but u need to have a word"
3799,-2,"Top story: To Tame Coronavirus, Mao-Style Social Control Blankets China  http://www.nytimes.com/2020/02/15/business/china-coronavirus-lockdown.htmlÂ â€¦, see more  http://tweetedtimes.com/NiemanLab?s=tnpÂ "
385,1,Trade war: China confirms Vice-Premier Liu He will travel to US next week to sign phase one deal  https://www.scmp.com/economy/china-economy/article/3045352/trade-war-china-confirms-liu-he-will-travel-us-next-week-signÂ â€¦
370,-2,China expels Wall Street Journal reporters for â€˜Sick Manâ€™ headline | Malay Mail  https://www.malaymail.com/news/world/2020/02/19/china-expels-wall-street-journal-reporters-for-sick-man-headline/1838969#.Xk0Q80Fao5Q.twitterÂ â€¦ @richardrichli @imfsea_aruna @arifsetia2013d @NonVitalTooth @GEanalyst @malaysianalways @ahkmlog @kuabt @AnwarFadzil @kelawarMY @_chuad @CA4MSIA @pragupathy
2036,1,"Itâ€˜s not real situation, I am Chinese I can guarantee, otherwise this video was released by China authority which is current in weibo trending."
3305,-1,"Gui Minhai, detained Hong Kong bookseller, jailed for 10 years inÂ China  https://thebreakingnewsheadlines.com/blog/gui-minhai-detained-hong-kong-bookseller-jailed-for-10-years-in-china/Â â€¦ pic.twitter.com/j8ZxMR367S"
405,0,China markets are hot again.  https://www.bloomberg.com/news/articles/2020-01-07/yuan-climbs-to-five-month-high-on-optimism-over-economy-tradeÂ â€¦
2496,1,"I think GM must be grateful to China. Without China, the classic brand Buick would be shut down too. I heard that about/ more than 85% of Buick cars sold in China. And in the U.S., the most popular GM brand is Chevrolet, not Buick. While in China, itâ€™s the opposite, Buick is hot."
3623,-2,#China_is_terrorist Never trust them! https://twitter.com/EnzoMazak/status/1216521683521036288Â â€¦
3135,1,"Nanjing massacre is past, but you jews are still fighting for an area to survive~ also itâ€™s China accepted Jews when you are under attacks! Donâ€™t be ungrateful! Shame on you!"
1567,-1,Socialism is not capitalism.  You must be a Bernie supporter.  He loves Russia and China
1301,1,"Pakistan air Force has sent a military aircraft loaded with medical supplies such as masks,gloves,shoe covers,goggles hazmat suits to china #ChinaCoronaVirus"
2956,0,"@charliekirk11 Think before you leap! If you take Chinese people as your enemy, your brain is rotten. 1. Cyber attack &spying: which country doesnâ€™t do it? US responsibility? 2. Steel: if the US doesnâ€™t import it, can China dump it here? US responsibility? 3."
710,-1,Pathetic!   The darn virus came from China!
4091,-1,"#Liberals forget, US has been at war with Iran for 40 years. Like china trade, Trump has finally responded, he didn't get us into anything. The only folks running for cover are the Iranians and #MSM #idiots! #LiberalismIsAMentalDisease #Trump2020 #DrainTheSwamp"
931,-2,"23,000,000,000,000 | Mike Bloomberg for President - trump is exploding our debt! Guess where a good chunk of it comes from? CHINA! #MikeBloomberg https://www.mikebloomberg.com/2020/acq-23-trillion-93254?utm_source=facebook&utm_medium=cpm&utm_campaign=PM-LB_STMA_A86&utm_content=CP14_NationalDebtV3Â â€¦"
2086,0,"Wall Street starts 2020 with new records on China stimulus, trade hopes #ChinaUS https://news.cgtn.com/news/2020-01-03/Wall-Street-starts-2020-with-new-records-MWCTm1wUq4/index.htmlÂ â€¦"
1255,-2,And Trump's China deal is a total capitulation to China and US firms outsourcing manufacturing jobs to China
1621,1,"Huoshenshan Hospital, an #emergency field hospital built in #Wuhan, Central China's Hubei province, to treat novel #coronavirus pneumonia, received its first group of critically infected patients on Sunday."
3492,-1,"Olympic boxing, soccer qualifiers in China canceled over fear of coronavirus  https://sports.yahoo.com/olympic-boxing-qualifier-in-china-cancelled-over-fear-of-coronavirus-183031569.htmlÂ â€¦"
3967,1," https://www.worldbank.org/en/news/speech/2017/12/07/from-local-to-global-china-role-global-poverty-reduction-future-of-developmentÂ â€¦  850 million Chinese people have been lifted out of extreme poverty; China's poverty rate fell from 88 percent in 1981 to 0.7 percent in 2015, as measured by the percentage of people living on the equivalent of US$1.90 or less per day in 2011 PPP terms."
633,2,@who china is the bestï¼
635,2,"Tori is an English teacher living in Changsha, China. While she was in Beijing for her @FirstLeap_China training she visited the Forbidden City and other famous sites in Beijing! Watch her Instagram Story Takeover here:  https://www.instagram.com/stories/highlights/18020844328247609/Â â€¦ #careerchinastorytakeover pic.twitter.com/3NOrgqwifL"
2964,-1,"Did you know China has its own CDC?ğŸ‡¨ğŸ‡³âš•ï¸  ""[This is] something that people largely miss, and they publish frequent updates and information,"" says a trusted source.   Whether China CDC is trusted, is another subject.  Figures from Feb.11  ğŸ‘‡ğŸ¦   pic.twitter.com/usY4DQuE8y"
1006,-2,And to hear Schumer today criticize Trumpâ€™s deal with phase 1 with China makes me laugh. That asshole has been in office so long what the hell has he done? Eight years with Obama and China has done everything to rape us. Schumer is a joke and needs to leave
3893,0,"The virus started in China, people are nervous and panicking. I've seen people cover themselves IN Asia also, its uncomfortable because of the presumption that she must of been in contact with the virus because of her ethnicity and the fact she travelled recently."
142,-2,"China couldnâ€™t even contain the Corona virus, let alone heed the warning of the Chinese doctor who discovered it. Look what happened to him! ğŸ˜¡"
2930,-1,China grants more trademark approvals for Ivanka Trump firm - including voting machines - Reuters  https://www.reuters.com/article/us-china-usa-ivanka/china-grants-more-trademark-approvals-for-ivanka-trump-firm-including-voting-machines-idUSKCN1NB0TLÂ â€¦
1653,0,Should we go to China?
3093,-2,My two cents...China needs to stop acting like this is a sudden occurrence. They knew 2 (or more) months ago.
2666,-1,Chinaâ€™s #Coronavirus Is Bringing #Alibaba to Its Knees  $baba $ashr $cqqq $kweb $mchi $fxi $chn $caf $tdf https://www.bloomberg.com/opinion/articles/2020-02-13/alibaba-earnings-coronavirus-threatens-growth-of-core-businesses?utm_campaign=socialflow-organic&utm_source=url_link&utm_content=asia&utm_medium=socialÂ â€¦
3163,1,Recovery rate of COVID-19 patients in China rises to 52.1%: Official  http://www.beijingbulletin.com/news/264183272/recovery-rate-of-covid-19-patients-in-china-rises-to-521-official?utm_source=dlvr.it&utm_medium=twitterÂ â€¦ pic.twitter.com/InQfAl2RKu
2340,-2,"some hospital in Wuhan condition right now, the video was posted in weibo and already taken down by China government  pic.twitter.com/2hNjlKCBEJ"
844,-1,"As New Coronavirus Spread, Chinaâ€™s Old Habits Delayed Fight - The New York Times  https://www.nytimes.com/2020/02/01/world/asia/china-coronavirus.htmlÂ â€¦"
3005,1,This is a purportedly leaked data for a good and sensible reason. We have to thank this hidden whistle-blower in China.  ğŸ‘ğŸ‘ğŸ‘ğŸ‘ğŸ‘ğŸ‘
957,1,"#Armenian and #Chinese citizens are no longer required to obtain a #visa in order to travel to both countries for a stay that is less than 90 days, within a period of 180 days.  https://bit.ly/2GdNGrmÂ  #Armenia #China  pic.twitter.com/bImIucc9Po"
3885,-2,#China Wants Food. #Brazil Pays the Price  http://ow.ly/c25B30qhXbVÂ  @TheAtlantic #Amazon #climatechange #foodsecurity
1892,-1,China stutters back to work as virus deaths rise | AFP  http://dlvr.it/RPkY0XÂ 
1129,1,i hate hate HATE how some people are using the corona virus outbreak to spread racist lies and label china by their own agendas
2314,-1,I heard Iran doesn't receive passenger flights from China.  Either cargo or a carrier coming through indirectly.  Or it escaped from their biological agent facilities.  Iran does have a bio program.
1582,0,#coronavirus had the power to rewrite economics. Power and manufacturing hub will shift from China. #economy #China_coronavirus
1654,0,"Why? So you can get the Russians (or China, or whomever youâ€™re blackmailing at the time), to cheat for you. Or perhaps youâ€™re adding that equation in on your daughterâ€™s voting machines that China is busy working on for her."
2347,-2,"ah, the free market at work.  Even the Communistic Society of China cannot truly impose upon the freedom of the human heart, regardless of how addicted to power @TheChineseGovt, eh @Charlot02655183 .  #SocialismDrug"
3772,0,Well it because your country can't match with china's economic growth and infrastructure development. As well as space and engineering
532,-2,"Coronavirus whistleblower Li Wenliang has died, Wuhan Central Hospital confirms  https://twitter.com/i/events/1225460602149072897Â â€¦ What exactly is China trying to cover up??  A bio weapon that got out ??!!!!"
2074,0,No worries.  Plus those masks probably come from China.
1082,-2,Try and remember that China has roaming police forces shooting people for not wearing masks.   North Korea is a puppet state for China. Anything they do is by order of Xi Jinping  Winnie the Pooh isn't as wholesome as our childhood would lead us to believe.   #OneChildPolicy pic.twitter.com/6cykKRVnlr
1533,-1,"GOP admit wrong doing,leave whistleblower  http://alone.isÂ  it abuse of power?GOP,Russia,china, ukraine,Saudi Arabia,want to end this experiment the fathers started in 1776? This is what the deep state wants, whats next police state? USA already has state run fox news.  pic.twitter.com/JmmY6wGh4Z"
4057,-1,"China's top virus lab is in Wuhan, the center of the outbreak  https://www.dailymail.co.uk/health/article-7922379/Chinas-lab-studying-SARS-Ebola-Wuhan-outbreaks-center.html?ito=amp_twitter_share-topÂ â€¦ via @MailOnline"
4040,0,Also BTW there isnâ€™t a chance in hell that ASPs in China wont go considerably lower. Before the #coronavirus outbreak ASPs were declining 10% by Tesla own admission. China accounts for  12% of Teslaâ€™s sales. The Tesla ship ğŸš¢ is on a crash course for the rocks $tska $tslaq https://twitter.com/hereforthecom19/status/1225153149100421120Â â€¦
690,0,"But just so you know, making chinity come back and debuting WJSN in China after 4 fucking years is kind of a good idea @ StarHua"
1384,0,"In Europe, many infrastructures and companies have been purchased by #China. (details:  https://www.bloomberg.com/graphics/2018-china-business-in-europe/Â â€¦) It is time to defend national security."
3593,-1,what about the report of massive deaths  I China
1722,2,"Global Trend: The international order is shifting.   In September 2018, Chinese President Xi Jinping announced $60 billion in aid and loans for Africa, with more than 50 countries likely to have received loans so far. #GlobalSituationReport #China  https://www.interaction.org/globalsituationreport2020/global-situation-report/sub-saharan-africa/Â â€¦"
3026,0,"Good morning Dr. Gupta, you are an incredible man, well respected and very articulate. China gave us SARS, then H1N1 and now COVID-19. Do you think the media is hyping and sensationalizing this new virus too much, thank you Dr. Gupta."
707,-2,Just what I said last night... When are we going to hold China to account... forget #ClimateChange this is the real global emergency... #communism #lies #emergency #coronarvirus https://twitter.com/ezralevant/status/1221312458993930240Â â€¦
1992,0,Europeâ€™s moment of truth with China  https://www.politico.eu/article/europes-moment-of-truth-with-china-trade-eu/Â â€¦
699,2,Chinaâ€™s 1st hospital for #coronavirus build in 10 days! Construction live-streamed online with 10 of millions viewers at anytime. PLA medical team already took over the facility. It will open tomorrow. pic.twitter.com/peJs82g6IA
2031,-1,"Maybe it is and maybe what was done in china its been over the top but people are being affected for real in the food and mobility , man made or not or fear mongering its good to be prepared in case u get stuck in your house"
3587,-2,Corrupt $ #CCP #China_is_terrorist #BoycottChina
3754,0,"""wake up All China Citizen !!"" she said  https://youtu.be/Ot1ejwUeFpIÂ  via @YouTube"
3844,-2,"#CCP and its minion WHO are calling other countries to learn ""China Mode(AKA Communist Mode)"" to conque #coronavirus.  This is what they say and what they do. â¬‡ï¸ pic.twitter.com/TqwaYTivom"
3085,1,Something we need like china and also we need our own twitter
892,-2,China is a threat period. Ask the people of Taiwan and Hong Kong.
101,-1,Itâ€™s a genetically modified virus made by Chinaâ€™s government that got out on accident
