,Unnamed: 0.1,Unnamed: 0,label,text
0,0,108,-2,"Many people do boycott China, it‚Äôs our choice not yours!"
1,1,1870,-1,"""Trump administration stays silent on Kushner's secret meeting in China""   https://twitter.com/i/events/1222954273887178757¬†‚Ä¶"
2,2,2955,-1,It‚Äôs Wuhan virus. Did you get endorsement from China so try to put on cosmetic for the evil from them?
3,3,1063,0,"@adriearsenault  Hi, awesome Adrienne.  Quick question.  Is China blocking the evacuation of dual citizens or landed-immigrants from all other countries, or just from Canada? Also, is China deliberately delaying our evacuations versus other nations?"
4,4,1078,-1,China Has Not Accepted U.S. Offers to Send CDC Experts to Aid in Coronavirus Fight  https://www.breitbart.com/asia/2020/01/28/china-has-not-accepted-u-s-offers-to-send-cdc-experts-to-aid-in-coronavirus-fight/¬†‚Ä¶
5,5,1268,-2,Wait and see if people in Red China will awake and subvert the CCP this time. It may be their last chance.
6,6,3500,0,China replaces top official in Hong Kong amid protests  https://www.nbcnews.com/news/world/china-replaces-top-official-hong-kong-amid-protests-n1110396¬†‚Ä¶
7,7,1531,1,"#wearewuhan Stay strong, keep calm, be real, be really good... people in China are Li Hai, shall overcome and carry on.  https://twitter.com/DavidMiras/status/1225133331962040320¬†‚Ä¶"
8,8,2311,0,'Highly pathogenic' H5N1 bug that can spread to humans found in China  https://mol.im/a/7957771¬† via @MailOnline
9,9,4089,0,Yeah thats not as honerable as say purposefully starving Indians and or flooding china with opiods
10,10,3946,1,Why is China/Qatar donating vast sums of money to our education institutions?   https://finance.yahoo.com/news/harvard-leads-u-colleges-received-100000585.html¬†‚Ä¶ >>>>>  https://www.justice.gov/opa/pr/harvard-university-professor-and-two-chinese-nationals-charged-three-separate-china-related¬†‚Ä¶ Is it really so hard to believe [F] actors are able to bribe those in key positions within the US to betray their Country? Q
11,11,2040,-1,"As per the Cambodian labor ministry, if the raw material shortage from China drags on, 90,000 garment workers could see their jobs suspended by the end of March. Workers then may not have the savings to tide their families over until work resumes.   https://qz.com/1809436/coronavirus-is-hobbling-factories-in-cambodia-vietnam-myanmar/¬†‚Ä¶"
12,12,3483,-2,"FBI says about 1,000 investigations open into attempted tech theft by China  https://reut.rs/31GWFLX¬†"
13,13,18,0,"I work for a company that ships pkgs all over the world, and I can‚Äôt tell you how many people have shown up at our counter shipping masks to China. Unfortunately, due to customs, the intended will probably never receive them."
14,14,3523,-1,"Have you seen the documentary about Xinjiang released by the Ministry of Foreign Affairs of China? No, I haven't seen it in the western media either."
15,15,3645,0,be modest I wish people like u may have fortune to live in china then we see how would u dare to spew ur venom üò°üò° rascal @anuragkashyap72 üêï https://twitter.com/anuragkashyap72/status/1213826260897370114¬†‚Ä¶
16,16,1,-2,Modi is a dramebaaz.. He is just trying to divert attention from the progrom.. India isn't China that it will be able to create everything indigenous..
17,17,1315,-2,Bat soup...China cumonnnnn!üò©üò∞  https://twitter.com/eha_news/status/1220310199547899904¬†‚Ä¶
18,18,252,0,"that's why we urge #HongKong govt to close the borders between Hong Kong and China, checking visitors' temperature is not enough"
19,19,464,-1,"The strange thing is as you know China government has a very strict media control, hired millions of people screening people‚Äôs posts and articles, as soon as there is a post or article criticizing the government, poof, it is gone within seconds,  but that article is always there."
20,20,344,1,"+ China has so far sent 8 spacecraft to the moon, the last sent is Chang'e 4 (name of the goddess of the moon in Chinese mythology)  https://twitter.com/swxnx/status/1226462174480142337¬†‚Ä¶"
21,21,147,-1,"A treaty signed by China and Nepal in October 2019 that manages border controls between the two countries poses significant threats to Tibetans fleeing their homeland to escape Chinese rule, Tibetan advocacy groups and other sources say.  https://www.rfa.org/english/news/tibet/border-02142020150551.html¬†‚Ä¶"
22,22,1103,1,"Unlike India, China built its economy & military before calling itself a world power  https://theprint.in/opinion/unlike-india-china-built-economy-military-before-calling-itself-world-power/360463/¬†‚Ä¶ via @ThePrintIndia"
23,23,2055,0,"If Rachel is right, then why isn't she pushing this policy in places like Pakistan and Iran, which are far less accepting of different cultures?  Why protest about this in one of the most open and diverse nations in the world, instead of, say, Russia, China or Saudi Arabia?  https://twitter.com/rachshabi/status/1230456049771122689¬†‚Ä¶"
24,24,483,0,"China coronavirus toll rises to 259, U.S. imposes border curbs  https://reut.rs/2uR3qyk¬†"
25,25,1236,0,"South Korea told 2.5M people in the city of #Daegu to stay indoors because of the #COVID19 . Almost 50 of the new cases there are linked to a single infected woman. It also reported its 1st death from the virus, making it at least the 5th country outside China to do so.  pic.twitter.com/QYJXedZ1cC"
26,26,3660,-2,You left out ‚Äúoffer‚Äù but I‚Äôm sure we could say ‚ÄúChina Offers Hunter Biden $1.5 Billion in Bribe Money‚Äù
27,27,2007,0,"More than 7,700 cases of coronavirus have been reported, with China saying 170 people have died.  https://www.citynews1130.com/2020/01/30/china-counts-170-virus-deaths-new-countries-find-infections/¬†‚Ä¶"
28,28,3358,0,And let‚Äôs not forget what Trump used to boost the economy every trick in the book which if we go into recession we‚Äôre Screwed. Tax breaks (Especially for the rich) Tariffs on China (Which we pay more on each part which we pay more in each product  for)
29,29,1714,-2,Oh are you supporting Alan the defender of China's human rights violations?  pic.twitter.com/OzgMJEkYsW
30,30,4092,0,Yet #China continues to quarantine parts of its population...  https://twitter.com/russian_market/status/1223762442787983360¬†‚Ä¶
31,31,2687,-1,Expert Warns 'Quarantine Process Failed' as China Stands Ready To Crash World Economy  https://www.westernjournal.com/expert-warns-quarantine-process-failed-china-stands-ready-crash-world-economy/?utm_source=Twitter&utm_medium=PostTopSharingButtons&utm_campaign=websitesharingbuttons¬†‚Ä¶
32,32,3673,1,China virus outbreak chilling recovery for Asian economies  https://ift.tt/39NecF0¬†
33,33,3363,-1,Hong Kong Medics Strike For China Border Closure Over Virus Fears  https://ift.tt/2GP8Tbv¬†
34,34,2771,0,China has no new local coronavirus cases outside Hubei for third day  http://bit.ly/2TCUSVK¬†
35,35,269,0,Coronavirus: Japan and US fly citizens home as China death toll jumps  https://www.theguardian.com/world/2020/jan/29/coronavirus-evacuations-begin-as-china-cases-outstrip-sars?CMP=share_btn_tw¬†‚Ä¶
36,36,1592,1,"Could be true but in the hundred cases out of China, we only have 2 deaths. It is too early to say if it is a low death rate virus, but, out of China, we do not see people dying the streets (or on the cruis ship in Japan)"
37,37,2798,1,Live updates: China strikes upbeat note on coronavirus as businesses reopen; Hong Kong reports second death ‚Äì The Washington¬†Post  https://golftw.info/?p=157890¬†
38,38,3671,-2,"China seek for court‚Äôs approval to kill the over 20,000 coronavirus patients to avoid further spread of the virus @zlj517 @MFA_China @PDChina  https://ab-tc.com/china-seek-for-courts-approval-to-kill-the-over-20000-coronavirus-patients-to-avoid-further-spread-of-the-virus/¬†‚Ä¶"
39,39,1558,0,"China arrested ""corpse photographer"" in Wuhan   https://www.skynewsarabia.com/technology/1318067¬†‚Ä¶"
40,40,3424,-2,It seems evident that China probably released this deadly disease on its own citizens.
41,41,2415,1,We should probably never have been condescending to China about Cov-19... China would be the first to develop antibodies that will help fight the virus. Guess whose country would be ravaged and looking for help.
42,42,1136,1,What's up with that rock? China's moon rover finds something strange on the far side.  https://www.space.com/china-chang-e-4-moon-rover-finds-young-rocks.html¬†‚Ä¶
43,43,4036,1,Tesla just delivered its first China-built cars in Shanghai -  https://www.shanghaibeat.com/tesla-just-delivered-its-first-china-built-cars-in-shanghai-22/¬†‚Ä¶ #Shanghai #China #‰∏äÊµ∑
44,44,2737,1,Trending News  1000 beds hospital in 10 days  Construction started from 24 January OPening date Feb 3 2020 #China #ChinaCoronaVirus #ChinaziVirus #ChinaWuHan https://twitter.com/QuickTake/status/1220700327873257477¬†‚Ä¶
45,45,1389,1,"Any country today can survive trading with China alone, that sanctions excuse is very played out."
46,46,2584,-2,It's wilful deliberate in order to colonise Australia as fast as possible with communist Chinese mainly. We Aussies and our beautiful country is privatized and for sale every bit of it. A couple of years and we will belong to china it's happening all over the world
47,47,2811,0,"I quote this stat when talking about the current flu. Worst in decades this year. Plus a mutation emerging out of China right now with pnumonia symptoms, Ebola in Congo, lower pork processing standards under Trump. My friends who listen are a select and special folk."
48,48,3575,0,"Did you know that ""The U.S. has more personal computers than the next four countries combined - Japan, China, Germany, U.K."""
49,49,318,-1,"Tim, the brain genius:   Trump built the wall to secure the US borders but the virus originated from china, where most of the confirmed cases are located, but there are still inbound flights from China and other countries with confirmed cases of infection, ha this makes sense.  pic.twitter.com/ksV10n02vy"
50,50,2081,1,China built a hospital in a week.
51,51,1921,-2,"Ineptitude, arrogance and too much BLA BLA is what characterize the CCP!"
52,52,3951,0,China warns France not to discriminate against Huawei on 5G contracts   https://www.rt.com/business/480477-china-warns-france-huawei/¬†‚Ä¶
53,53,1603,0,Coronavirus by the numbers; wartime measures in China  https://youtu.be/bf9a_I5kCDk¬† via @YouTube
54,54,2901,0,Did you know that Fortnite is getting free vbucks from China?
55,55,2328,0,Virus Hits China‚Äôs #Gold Jewelry Demand as Shoppers Stay Away https://www.bloomberg.com/news/articles/2020-02-11/virus-hits-china-s-gold-jewelry-demand-as-shoppers-stay-away¬†‚Ä¶
56,56,3410,1,China‚Äôs Push for Blockchain Adoption Sees First Major Program at a University  http://rviv.ly/qjU4OX¬†
57,57,740,0,China coronavirus: Beijing cancelled Chinese New Year celebrations - BBC News -  http://www.latestcommentary.com/china-coronavirus-beijing-cancelled-chinese-new-year-celebrations-bbc-news/¬†‚Ä¶ #LatestComments
58,58,527,0,L'OREAL: CORONAVIRUS TO HAVE TEMPORARY IMPACT ON CHINA BUSINESS
59,59,3314,0,First they complain about trump putting a travel ban on flights from China then they complain he is not doing enough. Nothing he does is good enough for democrats or maybe I should say everything he does is to good for the criminal democrats and they can‚Äôt handle it.
60,60,488,-1,"A false drug war to remove witnesses. West Philippine Sea unprotected against China. Sells literal soil for CH land reclamation. Has political cyber corruptors in Bacolod City. Pro-Russia, the country that bombed Syria and sells their women. Murderer.  https://www.forbes.com/sites/panosmourdoukoutas/2020/01/24/duterte-is-turning-philippines-into-a-more-corrupt-and-less-democratic-state/¬†‚Ä¶"
61,61,1584,2,"China sends army of 100,000 ducks to border to fight locust plague from Africa  https://www.dailystar.co.uk/news/world-news/china-sends-army-100000-ducks-21531853?utm_source=twitter.com&utm_medium=social&utm_campaign=sharebar¬†‚Ä¶"
62,62,2246,-1,The villagers were arguing against the policemen who would like to enter the village. This is the social impact of virus in China. It is more damaging! #2019coronavirus #coronavirus #2019nCoV #2019n_CoV #CoronaOutbreak #VIRUS #virusoutbreak #ncov2019 #nCoV19 #broitsjusttheflu https://twitter.com/htommy998/status/1226573156548169728¬†‚Ä¶
63,63,2232,0,#coronavirus #WuhanCoronovirus #China  pic.twitter.com/Q9AbHpctPR
64,64,3631,-2,happening in the US with migrants from latin american countries. happening in Aus with migrants from africa & middle east. both govs selling us out to china then destroying national security to secure migrant votes and stay in power. globalist agenda in full swing.  https://twitter.com/quelineruby64/status/1236498814699065345¬†‚Ä¶
65,65,3517,-1,"Does that mean that China, with Huawei, helped sway Britain to do Brexit?  And Trump followed a long with the idea that Brexit was the best thing for the UK? ü§• üßê"
66,66,2653,-1,@ImranKhanPTI what a lie . Why are you so afraid of China .  https://twitter.com/nailainayat/status/1220384387147223040¬†‚Ä¶
67,67,3795,0,Probably in China
68,68,1299,-2,Today I overheard some uncles discussing that intel leak is that #CoronaOutbreak is result of China's failed attempt to make chemical weaponüôÉ
69,69,3890,2,These exquisite hairpins used for girls in ancient China are made with #candy! Even the delicate flowers and fancy beads are sweet candy. Do you want to wear it or eat it? #ChinaStory pic.twitter.com/zpiZsKbtZN
70,70,3920,0,"so, i'm curious with this virus going around china, and possibly brought to bc and other parts of canada, are they going to bar flights from china's affected areas to reduce more being brought in?"
71,71,2873,0,Not according to China. Phase one is heading down south.  pic.twitter.com/gla9cVFwTG
72,72,2344,0,Why? The deaths are mainly in China... and it‚Äôs 90% older people with existing medical conditions who have died.
73,73,2255,1,China's Shenzhen proposes ban on eating cats and dogs amid coronavirus outbreak.... #China #Shenzhen #Coronavirus #Cats #Dogs #COVID19 #COVID2019 #Covid_19 #CoronavirusOutbreak https://thepigeonexpress.com/chinas-shenzhen-proposes-ban-on-eating-cats-and-dogs/¬†‚Ä¶
74,74,335,0,Trump administration pressed Dutch hard to cancel China chip-equipment sale: sources -  http://www.latestcommentary.com/trump-administration-pressed-dutch-hard-to-cancel-china-chip-equipment-sale-sources/¬†‚Ä¶ #LatestComments
75,75,2805,-1,"I understand you don‚Äôt want to search because you know your wrong, but it‚Äôs okay I didn‚Äôt accept anything from you anyway. Now go and obey Papa China. He‚Äôs the only reason you exist."
76,76,3245,0,"China sinkhole swallows bus, leaves at least 6 dead, several missing   https://www.foxnews.com/world/china-sinkhole-bus-dead-missing¬†‚Ä¶"
77,77,3911,0,Who wrote an article about this one guy‚Äôs tweet about some fictional birthdays   That‚Äôs the real enemy here not China someone get this guy  pic.twitter.com/UdJZ08xVsw
78,78,2560,0,#china #ChinaVirus #coronovirues #PrayForChina #chiaÂä†Ê≤π pic.twitter.com/rs9RqOMhSB
79,79,1338,-2,The  Peoples Republic of China: Stop the creation of deadly viruses from animal markets in China - Sign the Petition!  http://chng.it/GKJLPZ45¬† via @Change
80,80,1260,0,Then Who said Japanese hate China in the first place?
81,81,2116,0,Without antivir√ºs drug  corona will lead  to be a holocaust of china and the world
82,82,2684,-1,"China reported the fourth death from a new coronavirus on Tuesday as the number of cases continued to rise, sending jitters through Asian markets as hundreds of millions of Chinese prepared to travel for the Lunar New Year holiday.   http://bit.ly/2RychMW¬† #Health pic.twitter.com/RVaVY8waGG"
83,83,2514,-1,"As New Coronavirus Spread, China‚Äôs Old Habits Delayed Fight  https://nyti.ms/37Q9QMy¬†"
84,84,171,0,- It was Obama who allowed this covet 19 to be developed as a bio weapon through NCU BSL3 LAB  Until 2015 there was a pause on developing bio weapons on US soil   Obama lifted the pause   also it was paid for by US Tax dollars   through Obama's Admi   then sold to China  pic.twitter.com/rU9VCjjQpd
85,85,1602,-2,They've been saying for years that China would be the hotbed of supervirus' because of their over use of antibiotics
86,86,907,-2,"Taiwan voices out clearly that one country two systems is not feasible Becos CCP china only aims at dictatorship over Taiwan, in light of recent hk social movement  #FreeHongKong #StandWithHongKong https://twitter.com/SenTedCruz/status/1216472663616577542¬†‚Ä¶"
87,87,3166,-1,"So now Trump is responsible for a virus created in China, that has hurt no one in the US, as of now? What is wrong with you insane people."
88,88,2066,1,"‚ñª day 16  my dad got into a car accident and one of your members has been stalked so it wasn't the best day for neither of us huh? tomorrow will hopefully be better so we can't be sad! make sure to rest and have lots of fun during your holidays in china, i love you so much üíú  pic.twitter.com/HyI6ipjdOZ"
89,89,3591,2,"Chongqing is one of my favourite cities in China, I wrote about some of the must-see areas to check out! #Chonqgqing  https://jsal.me/2N9fSQ9¬† pic.twitter.com/yjkbjClhii"
90,90,2932,-1,Noticed so far that I think all the deaths were in China and not in other countries after becoming infected
91,91,19,-2,"Merck's stocks are tanking,since china got caught following the same sort of criminal behavior as merck and CDC..... NEVER vote for anyone who has merck in their portfolio nor in their donor lists...  https://twitter.com/LotusOak2/status/1221241263548178433¬†‚Ä¶"
92,92,3914,0,"""Chinese UN envoy refutes U.S. accusations over counter-terrorism in Xinjiang - China Military.""   http://eng.chinamil.com.cn/view/2020-02/08/content_9736339.htm¬†‚Ä¶"
93,93,1102,0,Remarkable number of infections on one ship. Biggest cluster of coronavirus infections outside of China.  https://twitter.com/CGTNOfficial/status/1230042214551543808¬†‚Ä¶
94,94,2182,2,Use some more attractive and modern music...we need learn advertise our things....look at china...they are communist still they have preserved their culture in a way that it attracts not only foreigners but also the youngsters of the country
95,95,4051,-1,"#privacy breaches caused by ‚Äòaggressive growth‚Äô - condoned, uncontrolled corporate information gathering: then hacked by China  https://twitter.com/doctorow/status/1226917896460238854¬†‚Ä¶"
96,96,861,-2,"a whistleblower says ‚ÄúI am a senior Chinese military intelligence officer and I know the truth about the coronavirus outbreak. It is far worse than the media are telling you.‚Äù ‚ÄúInsider,‚Äù says coronavirus is a cover story for a biological agent to depopulate china & the world!"
97,97,1119,0,"Coronavirus death toll rises to 305: First casaulty outside China reported Beijing/Wuhan: The coronavirus outbreak has killed 305 people and infected 14,562 others as the Philippines on Sunday reported the first death outside China from the epidemic that‚Ä¶  http://dlvr.it/RPJGZq¬† pic.twitter.com/9589L00XOW"
98,98,1591,0,"To  the EU, Russia, The United States, and China: WHAT IS WRONG WITH YOU LEADERS WHO, ARE IN THE  MINORITY?  Billions of people are counting on you for HELP, but you don't give it.  Why not? The MAJORITY OF PEOPLE IN THIS WORLD KNOW THE TRUTH: THAT YOU ARE NOT GIVING IT."
99,99,3862,0,ü§î @staronline: China starts 2020 military conscription of female soldiers  https://www.thestar.com.my/news/regional/2020/01/22/china-starts-2020-military-conscription-of-female-soldiers¬†‚Ä¶ https://www.thestar.com.my/news/regional/2020/01/22/china-starts-2020-military-conscription-of-female-soldiers¬†‚Ä¶
100,100,1554,-2,HARVARD professor charged with hiding China ties...  https://apnews.com/90af50ee87d5679d51177210f763e153¬†‚Ä¶
101,101,426,-2,Try some of that bat soup that hero pateint zero had that fucked up china #coronarovirus
102,102,3433,-2,"Well, can you guess how bad the coronavirus is over there in china, when this is excepted behavior. Not that they are known for their human compassion...."
103,103,908,0,That and ‚ÄúEast Asia‚Äù is nebulous. Are the phillipines East Asia?Was colonization in Africa before the scramble not colonization bcuz Europe couldn‚Äôt penetrate deeply into the continent? This has a lot of nasty implications that come up from this ‚ÄúChina not colonized‚Äù idea
104,104,82,-2,"HKers want genuine ""one country, two systems"", not the one implementing now  We need freedom and rule of law, these are fundamental of Hong Kong as an international financial hub   We want HK to have justice, not being like China as what we are experiencing since the handover  pic.twitter.com/kSvdsvcs7J"
105,105,1764,0,"‚ÄúIt‚Äôs not the virus, it‚Äôs the trade that matters. People are not going out. They are not shopping, and that‚Äôs what‚Äôs hurting particularly China‚Äù Evercore ISI Chairman Ed Hyman told CNBC. Where is tech & science to save us?  https://www.cnbc.com/2020/02/07/chinas-gdp-growth-this-quarter-will-be-0percent-according-to-top-economist-ed-hyman.html¬†‚Ä¶"
106,106,3246,-1,"Australia's longstanding cozy consensus in favor of close engagement with China, its  biggest trading partner by far, has shattered. This article seeks to unfairly paint the Australian Strategic Policy Institute (ASPI) as the villain.  https://www.afr.com/policy/foreign-affairs/the-think-tank-behind-australia-s-changing-view-of-china-20200131-p53wgp¬†‚Ä¶"
107,107,1575,0,"3% death rate is in countries that have actually been fighting the virus with everything they have. Death rate will depend on measures taken by the government. Early no measures prediction for China was 18%, and we aren‚Äôt building a hospital in 10 days.  pic.twitter.com/b5xvxVCoVp"
108,108,1989,0,All you do is play golf and bully...every since you got impeached you excepted a deal with China and started a war..that‚Äôs deflection. You will be held responsible for your actions for once in your life.
109,109,2766,0,Coronavirus increases in China  https://www.google.com/amp/s/www.nytimes.com/2020/02/12/health/coronavirus-cases-china.amp.html%3f0p19G=0038¬†‚Ä¶
110,110,359,0,China is a unique example. The country has enough appetite for steel and coal and is going through a construction boon. They can afford to build ghost skyscrapers and malls to keep its industries running.
111,111,2314,0,I heard Iran doesn't receive passenger flights from China.  Either cargo or a carrier coming through indirectly.  Or it escaped from their biological agent facilities.  Iran does have a bio program.
112,112,2015,-2,Ask yourself why the @JeffBezos owned @washingtonpost is jumping thur hoops trying to protect China‚Äôs interst over protecting the American people ‚ÅâÔ∏è
113,113,3730,0,"While the Secretary of Commerce you appointed was telling us how the coronavirus outbreak in China would boost the U.S. economy. Wilbur Ross, Fox News, January 30, 2020."
114,114,1370,1,"Coronavirus contagious even in incubation stage, China‚Äôs health authority says  https://www.scmp.com/news/china/society/article/3047701/coronavirus-contagious-even-incubation-stage-chinas-health¬†‚Ä¶ via @scmpnews"
115,115,1512,0,One look at the demographics of China and India would tell you what kind of representation they have in Govt. And you compare that with a multi-cultural society? Lu okay tak?
116,116,2591,0,"China: Death toll to 361, around 17,205 people infected; Authorities say, 475 people recovered following treatment. #coronavirus"
117,117,2749,0,"Also noted was the strategy to go from 5% nuclear power to 10%+ from China alone, this on top of exporting full service nuclear plants. Not new news necessarily, but certainly supports nuclear power is a growing global business."
118,118,1795,-2,"Only 2% mortality rate though....so far.  But that is assuming numbers coming out of China are accurate (a.k.a. truthful)   and I highly doubt that.   China, bro.  Amirite?"
119,119,4029,0,"""US News: US: Flights from China to go to 7 airports starting Sunday #News"": https://www.robinspost.com/news/us-news/daily-usa-news/1045838-us-news-us-flights-from-china-to-go-to-7-airports-starting-sunday.html¬†‚Ä¶"
120,120,973,-1,"I'm curious about the specific policy areas he will affect. Primarily, how can he keep us out of a war with Russia while also putting Putin's ambitions in check and how will he deal with an expanding Chinese market and their aggressive maneuvering in the south China sea. /1"
121,121,2376,-1,"such a question would be asked everywhere in the word to leaders , except of China und North Korea . Why not to the Genius of the world ?"
122,122,1190,0,"""If the leaders of the world changed course, a revolution could take place over about 15 years ... this requires the leaders of China, and the US in particular, along with Europe, to take a strong leadership role and set the stage for the rest of the world to follow,""  https://twitter.com/CNN/status/1218488489731395585¬†‚Ä¶"
123,123,978,-2,"China, Desperate to Stop Coronavirus, Turns Neighbor Against Neighbor  http://dlvr.it/RPKSFP¬† pic.twitter.com/dtuFMVCHs2"
124,124,3132,-1,"Sir, I posted that a Chinese mother infected with Wuhan coronavirus gave birth to a healthy baby. The newborn tested 'negative' for the virus.  But, the latest photo shows this newborn vulnerable baby met her mother (infected) right after birth..  China quality...........üò±  pic.twitter.com/bEaz7KSYxQ"
125,125,1540,-1,"Ater completion of @ImranKhanPTI tenure in2023 all LiFaFist harmkhoors including YOU wud be runaway frm Pakistan becoz either they can‚Äôt Survive the Strict MediaLaws or Harsh Punishments or unable to spread Fake or Enemy‚Äôs Driven News on National TV,might death penalty like China"
126,126,3603,-1,I think that Border agents seize bag of dead birds from passenger traveling from China
127,127,2395,0,he had a chance to speak in China for the protesters and nothing but silence but now he found his voice ?
128,128,1215,-2,Everything I see to do with China is fucked wtaf  https://twitter.com/1984to1776/status/1222981085459632129¬†‚Ä¶
129,129,722,0,"#CoronaOutbreak #Caturday  since 780 BC to 1300s BC a almost 500 years dynasty dounded by Wong in Korea kingdom ,showed the very special chinese family Wong in Northern china -which fits the supposed Wong -King transition that built the last chinese empire -Qing."
130,130,521,-1,From an epidemiology perspective she is right. Our health system cannot handle an outbreak of that nature. I just hope our people will be given equal treatment while in China...I know it is a pipe dream
131,131,4047,1,"(4) China is trying to slow down the transmission with extremely strict methods. It is the correct attitude.  (5) If the disease spreads to an African country where management (and therefore quarantine) is weak, we may see mass deaths in the streets."
132,132,2471,0,I agree more needs to be done. You need to take a fact finding trip to China
133,133,3801,0,"Market Brief: Nikkei 225, Hang Seng Index, Shanghai Composite Down on China Coronavirus   http://zpr.io/tAtWx¬† pic.twitter.com/Y4m2Itrz7F"
134,134,3972,-1,U.S. bans travel from China by foreign nationals amid coronavirus spread  https://www.statnews.com/2020/01/31/u-s-declares-public-health-emergency-over-coronavirus-bans-travel-from-china-by-foreign-nationals/¬†‚Ä¶
135,135,2526,-1,First case of unexplained pneumonia in South Korea  The woman did not visit the disease-related South China seafood wholesale market during the time in Wuhan and had no contact with wildlife  #WuHanPneumonia  Source:   https://cb.yna.co.kr/gate/big5/m-cn.yna.co.kr/view/ACK20200108006000881?section=society/index¬†‚Ä¶ pic.twitter.com/0YPE2VLIEx
136,136,750,-1,Hong Kong hospital workers go on strike to demand closure of border with China ‚Äì  http://NaturalNews.com¬† https://www.naturalnews.com/2020-02-04-hong-kong-hospital-workers-strike-demand-closure-border-china.html¬†‚Ä¶
137,137,4073,-1,Lee's UT statement worst briefing where Rubia said it was the best briefing on Iran & Iraq Lee's bill takes jobs away from hard working Americans & gives it to China & India to pay them less. slavery seems to be Lee's idea so lobbyists will give him money to run again
138,138,2404,1,It's easier to shake a mountain than China: Chinese envoy on impact of coronavirus  http://toi.in/tEAVdb¬†
139,139,1201,0,"U.S. Health and Human Services Secretary Alex Azar said American experts are waiting for final clearance to travel to China and help fight the outbreak; China Toll Reaches 1,380: Virus Update  https://www.bloomberg.com/news/articles/2020-02-13/u-s-ramps-up-criticism-hubei-data-awaited-virus-update¬†‚Ä¶ via @business"
140,140,2700,0,IAF flight leaves for China carrying 15 tonnes of medical supplies - The Hindu  https://www.thehindu.com/news/national/iaf-flight-leaves-for-china-carrying-15-tonnes-of-medical-supplies/article30922849.ece¬†‚Ä¶
141,141,2406,-2,"Still wondering why Cambodia is bowing to China over #coronavirus #2019nCoV? Could be something to do with this $US3.8 billion ""tourism development"", which is actually a massive Chinese People‚Äôs Liberation Army base https://www.news.com.au/technology/innovation/military/scary-reality-chinas-secret-cambodian-military-base/news-story/59908e35b8865375e6ca7a55c20fea0c#.e40ip¬†‚Ä¶"
142,142,1054,-2,"Russia and China are undoubtedly at the top of this list. The US, even if it goes to war in Iran, isn't causing 'world war 3'."
143,143,458,0,Brother. This is not the point. The point is Mexico city blooming epidemic didn't come from China. It came from United States. Which means we are covering up a blooming fucking wildfire.
144,144,2553,0,That poor child is scared to death.  What horrible pain for China!!  Prayers
145,145,1042,0,"Yuan hits three-week low, yen rises as China grapples with virus outbreak By¬†Reuters  https://newsforforex.com/investing/yuan-hits-three-week-low-yen-rises-as-china-grapples-with-virus-outbreak-by-reuters/¬†‚Ä¶ pic.twitter.com/S56kBxaQvH"
146,146,3327,1,They do the same with US. And all US does it gives them IOU‚Äôs. China should remove the peg and let their currency rise so the purchasing power of their people goes up and there is enough domestic consumption! They don‚Äôt need to rely on US that much!
147,147,1922,1,"""While we consider the need to respond to the possible impact of the virus in our own communities, it‚Äôs also important to keep in our prayers the people who are affected in other parts of the world, particularly China."" Michele Frankeni"
148,148,1749,0,#Gold Prices Rebound After Two-Day Fall; U.S.-China Deal Signing Eyed -  https://invst.ly/pi5eb¬†
149,149,4046,0,"PamyBot:~$#forex #fxDailyFX ""Trader confidence has been hit by the coronavirus outbreak in China but the impact is unlikely to last long. Get your market update from MartinSEssex here: https://bit.ly/37eNIuV¬†  pic.twitter.com/TArTXLyxdZ"""
150,150,1765,-2,"Climate change is a con to redistribute wealth from rich western countries to poor countries.  Worried about climate change Schumer, talk to China and India, we've had enough of your societal suicide pact!"
151,151,584,-1,China warned to show Taiwan respect - BBC News  https://youtu.be/IZcG9jy0TWQ¬† ‰æÜËá™ @YouTube
152,152,1304,0,"I‚Äôm pretty sure the Capitalist roaders in China didn‚Äôt even speed up industrialization, which is the entire reason the capitalist phase was theorized by Marx. I‚Äôm pretty sure it‚Äôs been following the same general trend set by the Maoists. Fuck revisionism, revive Maoism in China"
153,153,1638,0,1 billion trees worth of shipments?Coronavirus cases in China exceed Sars as public anger rises  https://on.ft.com/2tVozr5¬†
154,154,724,1,Crop production kept stable and sustainable with the decrease of nitrogen rate in North China Plain: An economic and environmental assessment over 8 years!! @UNEP @NutrChallenge @MarkNitrogen @TowardsINMS @ChinaDaily https://www.nature.com/articles/s41598-019-55913-1¬†‚Ä¶
155,155,2686,-2,Absolutely! #Xinjiang #concentrationcamps must be closed. #Uyghurs are being tortured horribly by #CCPChina in these camps. World needs to stand up against the evil regime of #China. #StandWithUyghurs @UN @hrw @UyghurInfo https://twitter.com/ugauthier/status/1227878561870204929¬†‚Ä¶
156,156,110,-1,"Published a new blog entry Mike Adams: 300,000+ Fled Wuhan, China By Road As Quarantine Targeted Railways & Ai... http://www.silvergoldadvisor.com/index.php/home/entry/mike-adams-300-000-fled-wuhan-china-by-road-as-quarantine-targeted-railways-airports¬†‚Ä¶"
157,157,2935,0,"‚ÄúDo we manufacture the proper masks (N95-N100) here in the US, or we need to buy them from China?‚Äù PROPER N95 - N100 masks DO provide protection.  https://twitter.com/tomjohn266/status/1221936692619141120¬†‚Ä¶"
158,158,2315,1,"My #Thucydides moment (for this week) is to observe the current Peloponnesian #War in our midst, the #coronavirus, writing caveats + updates. Unique #emergency #hospital is being built in #Wuhan, which is intended to be torn down immed. after #MegaVirus chills out. #ChinaVirus  https://twitter.com/guardian/status/1220729384031735808¬†‚Ä¶"
159,159,2454,0,"#BritishAirways Suspend #China Flights, Cut Services On #Coronoavirus Fears #travel #kxnt #airindia #seoulair #asia  https://kxnt.radio.com/articles/ap-news/airlines-suspend-china-flights-cut-services-on-virus-fears¬†‚Ä¶ via @KXNT"
160,160,267,-1,I don't even want to think about what would happen [because knowing what would happen] to the pets trapped in China's lock-down right now. And if it goes down thatüëáüèªway ... it needs to be exposed.  https://twitter.com/CassandraRules/status/1227045108878577665¬†‚Ä¶
161,161,4149,2,"China is beautiful...and the bridges are not the only places/things to visit/see in China. So like most opinions, yours is also ""shitty""."
162,162,3921,-2,@PeteButtigieg China has been buying up real estate in the USA & propping up values making it hard for Americans to become home owner. We aren‚Äôt allowed to invest in theirs. Will you ban China from buying up housing here?
163,163,4168,-1,"Go inside the battle for Hong Kong, following protesters transformed and radicalized over eight months. Frontline examines the dramatic struggle in the last corner of China, where human rights and freedoms exist but are under threat. At 10/9 pm on KET.  pic.twitter.com/XEDnbheH2M"
164,164,2945,-2,Horrible chinaüò±  https://twitter.com/BoysBluegrass/status/1226494284603412480¬†‚Ä¶
165,165,693,-1,"The US itself has a policy called America First. But you know and I know that we will never sever our ties with the US completely.  You are assuming that we are submitting to China. Do you have evidences that us, as a sovereign country, is controlled by China?"
166,166,1345,1,"Bushmeat is quite popular in central china, whicj is the part of china I spent the least time it"
167,167,1284,-1,I reside in the UK continuing to have prayers for my father who is travelling to China.
168,168,3821,0,World Health Organization says a viral illness in China that has sickened hundreds is not yet a global health emergency.  pic.twitter.com/vZgt9yIq0p
169,169,145,-1,The worst President & the worse Vice President in modern times. Together w/Hillary Clinton they F*cked this country up big time. The programs put in place just about bankrupted America. BORROWING money (that can never be paid back) from China! And Obama was not born here!  https://twitter.com/ernie_plumley/status/1226729349748903937¬†‚Ä¶
170,170,1444,0,"China sees 15K new coronavirus cases, change in counting procedure |   https://video.foxnews.com/v/6132202914001¬†"
171,171,1287,-2,And why didn‚Äôt you say anything when that clown harper and his circus were kissing China‚Äôs ass and selling off CANADAS assets to those same Chinese? Hypocrite!!
172,172,1414,0,There must have been some contact originally with a carrier from #China. The virus started in China. Let‚Äôs not forget that. #COVID19 #CoronaVirus #Wuhan pic.twitter.com/EicbCTr4qK
173,173,505,-2,scenes that remind a biological warfare take place in #China #ChinaPneumonia #coronovirus pic.twitter.com/CTla6hhjBq
174,174,1394,0,"Your country, not China, is the one refusing to properly test people and contain the virus."
175,175,3557,-1,Imagine where we might be if China has freedom of the press. Please hold the accountable.
176,176,3081,0,"Such degeneracy, debauchery and vile attitude towards development of a country can come only from you people. China is right to do, what they do to your kind."
177,177,4162,0,Trump is happy because China makes the Trash for his Family. This is The Real Trade Deal  pic.twitter.com/qPXI9pu8at
178,178,34,-2,BREAKING: 220 cases of #COVID19 reported in worst-hit Hubei. China's national health commission says prisons were not included in the country-wide network of reporting coronavirus. Well Done.  Wait for the numbers to shoot up.
179,179,917,-2,"Racism in China is real though, your done and you won't get a job there cos you black"
180,180,3369,-1,wow 125 is a lot of cases! kinda crazy how china has reported 1250 cases! 12500 is quite a large number of infections! i hope they can deal with those 125000 cases safely!  https://twitter.com/BNODesk/status/1234633516350087174¬†‚Ä¶
181,181,3020,-1,2 Coronavirus Citizen Journalists Disappear in China  https://www.visiontimes.com/2020/02/19/2-coronavirus-citizen-journalists-disappear-in-china.html¬†‚Ä¶
182,182,1929,0,"""Could mass protests spread to China?""   https://twitter.com/i/events/1214610522777276416¬†‚Ä¶"
183,183,673,-1,China's New Motto - It's Normal  pic.twitter.com/H8RH9HiotR
184,184,1747,0,"More land mass? Ok, Canada is kicking our ass in renewables.   Want to argue people, China is also kicking our ass. Not by percentage of power, but growth and total KWh produced.   The alternative is sit back, let China lead and become the power for the world. Was hoping we would"
185,185,3753,0,Lisbon rebuffs claims Portugal is China‚Äôs ‚Äòspecial friend‚Äô in EU  https://www.ft.com/content/862c633e-393b-11ea-a6d3-9a26f8c3cba4¬†‚Ä¶
186,186,2245,0,Trump doesn't want it? Do you think events are controlled by that man and what he wants? Do you think the imminent market collapse and China trade war are mere coincidences? Have you noticed how in only 3 years he managed to wreck relations with both NK and Iran? Aversion to war?
187,187,975,0,"This was released by People‚Äôs Daily, an official newspaper of the Central Committee of the Communist Party in China."
188,188,2266,-1,Alot of our medicine and ingredients are made in China and now with 174 million people   in quarantine there will be a shortage of our medicines. Our Govt in the past have relied too heavily on China shame on all of you for letting this happen.
189,189,3385,-1,Is it part of the 5G China rolled out on November 1st? Hmmm
190,190,1729,1,China is a very strong and rich country its economy can recover where others may not china must pay for all the costs but WHO must answer for its failure to act
191,191,2265,-2,"#COVID2019 #Coronavirus #CoronavirusOutbreak #COVID19 Watch this great breakdown of who the WHO actually is, their corruption and incestuous ties with China.  https://youtu.be/AwFTZawOc9k¬†"
192,192,539,-2,So far...just so you know...China has refused help...but expect good things to be announced on his upcoming India visit.
193,193,1358,-1,Traders and Analysts Skeptical China Can Reach Phase One Purchase Amounts  https://reut.rs/2uHvZOq¬†
194,194,357,-1,China slams US for congratulating Tsai on Taiwan poll win - Breitbart  http://bit.ly/30cN26R¬† via @BreitbartNews This is great. #HongKongProtests
195,195,3740,0,"Early Release - Risk for Transportation of 2019 Novel Coronavirus Disease from Wuhan to Other Cities in China - Volume 26, Number 5‚ÄîMay 2020 - Emerging Infectious Diseases journal - CDC  https://wwwnc.cdc.gov/eid/article/26/5/20-0146_article?deliveryName=DM20069¬†‚Ä¶"
196,196,2378,1,Nissan says it plans to sell 1.6 million cars in China this year -  https://wallstreetreview.com/2020/01/28/nissan-says-it-plans-to-sell-1-6-million-cars-in-china-this-year/¬†‚Ä¶
197,197,3251,-1,Wait- ao3 got banned in China? Just because of a fanfic about wang yibo and xiao zhan .. üò≥
198,198,2202,0,"Friday 2/7 pm ET:   Cases: 34,557 (Mainland China) Deaths: 699 (2 outside of China)  #coronavirus   Cases in other countries (via @JHUSystems): pic.twitter.com/PxYNqT6aiw"
199,199,196,-2,Sad we must wait for samples from US victims to begin testing... China should have sent samples right away to all countries capable of investigating.  https://twitter.com/nowthisnews/status/1222190002748248064¬†‚Ä¶
200,200,614,-1,"‚ÄúLikes him so much‚Äù like he said he has no desire to stand on the same stage with ‚Äúa nazi, a Communist and a klan‚Äù. And your foreign advisories means Iran, China, or Russia? Last time I checked those are still heavily sanctioned"
201,201,2612,0,#America #CDC #TSA GOVT Must #Quarantine #Chinese & #People Coming In/Out #China #Taiwan #HongKong #Macau #Japan #Korea #Singapore #CoronavirusOutbreak ‚úãüèºGettingSpread #US #Cities #States #Mayors #Republicans #Democrats #Cali #LasVegas #Utah #DC #NYC #CHI @realDonaldTrump #NOH8! https://twitter.com/ABC7/status/1232543090000351232¬†‚Ä¶
202,202,4014,0,"We called @EFtours to discuss options, we are 112 days away from our @TLRedRaiders Mandarin Chinese student trip to China...& they will only refund ‚Äúpart‚Äù of our trip, charging us $760 each in non-refundable fees & we had the Insuranceüò°‚ÄºÔ∏è #StayAwayFromEF https://fox4kc.com/news/even-with-insurance-kc-family-irked-that-trip-to-china-isnt-refundable-after-coronavirus-outbreak/¬†‚Ä¶"
203,203,1071,0,But is that the reason for decreased poverty. You're just saying things you dont like about China. That doesn't invalidate povery statistics
204,204,1047,-2,@realDonaldTrump market is tanking because china is in shut down mode. NAFTA pushed American jobs to China so big manufacturers could get cheat product. Americans wont work as cheap as Chinese workers.  Bigger profits for big corporations! This has nothing to ...
205,205,3405,0,Latest on coronavirus spreading in China and¬†beyond  https://www.articletrunk.com/latest-on-coronavirus-spreading-in-china-and-beyond-20/¬†‚Ä¶
206,206,3192,-2,Fire at China
207,207,3909,-1,"China's daily death toll from a new virus tops 100 for the first time. More than 1,000 deaths overall have now blamed on the outbreak.  https://apnews.com/8b4521f709f04bdf5ac7318788555335?utm_source=Twitter&utm_campaign=SocialFlow&utm_medium=AP¬†‚Ä¶"
208,208,3536,-1,"Trade War Progress: China Caves, Lifts Ban on US Poultry Products  https://www.westernjournal.com/trade-war-progress-china-caves-lifts-ban-us-poultry-products/¬†‚Ä¶"
209,209,297,-2,I can assure you this is a Chinese man made virus meant to attack the world. China was not getting away with their bully tactics in the South Pacific. I can guarantee we will be seeing Chinese troops in Hong Kong and Taiwan in 6 months. #TheRealDonaldJTrump
210,210,3480,0,U.S./China trade deal is another example of Trump‚Äôs weakness as a negotiator.  While his reps are taking a victory lap the country has lossed billions of dollars with the unnecessary tariffs.  The country is in the greatest debt in history thanks to the deal breaker.
211,211,3708,-1,"""distracting""  Obviously class struggle is important, but it's not *the only* issue or 'end-all, be-all, by any means.  For example, the ""non-class"" USSR, China, N. Korea, Cuba, etc., all, to one extent or another, had their fair share of anti-LGBTQ bigotry, esp. from the state"
212,212,1328,0,"No concentration camps in China just ‚Äòvocational training centres,‚Äô says¬†envoy  https://www.anothernews.net/2020/03/04/no-concentration-camps-in-china-just-vocational-training-centres-says-envoy/¬†‚Ä¶"
213,213,1186,-2,#HKPoliceState #HKPoliceTerrorist #SOSHK #china_is_terroist pic.twitter.com/R4rpgh1ZaZ
214,214,801,0,Over a dozen cities in China under quarantine. And one more person in America infected with it .
215,215,4115,1,"üá®üá≥üò∑üá∏üá¨üáπüá≠ Singapore & Thailand have slashed GDP exp. in recent days on #Coronavirus. China accounted for 19% & 28% of their respective tourism industries last year. - Singapore just unveiled a stimulatory budget, while the Thai budget still needs to be passed after political delay"
216,216,3086,-1,"The FIPA agreement Harper signed with China gives them the right to sue us into bankruptcy if we do not provide them with a pipeline to the west coast. This is why JT bought the TMX. The trick now is to hold his feet to the fire, end further pipelines, and go green."
217,217,2127,0,China's most populous province to loosen grip on internal migration  http://dlvr.it/RN1Jxj¬† pic.twitter.com/o7CdAvAdxt
218,218,2808,0,"NEWS: The first case of Wuhan coronavirus has been identified in the U.S.  The CDC says the virus was found in a person who recently traveled to Wuhan, China, where the virus is believed to have originated."
219,219,551,0,‚ÄúChina encourages people to return to work... requiring [AI smartphone software] that dictates whether they should be quarantined... setting a template for new forms of automated social control that could persist long after the epidemic subsides‚Äù  https://www.nytimes.com/2020/03/01/business/china-coronavirus-surveillance.html¬†‚Ä¶
220,220,3413,1,via @PerilofAfrica China seeks to boost economy as first virus death reported outside its borders: The first death from the coronavirus outside of China was reported on Sunday and the Beijing government took steps to shore up an‚Ä¶  http://dlvr.it/RPF9FT¬† Reuters World News pic.twitter.com/pe0tb72r7i
221,221,1297,0,"Brad, my understanding is that under WTO rules, China as a ""developing economy"" can in vary degrees restrict foreign corporations from entering the Chinese market and competing with indigenous corporations. The WTO also encourages advanced economies to share technologies with..."
222,222,2407,0,"Schr√∂dingers China  It's both a succesful capitalist country when they do good, and an evil communist country when they do bad"
223,223,2136,-1,"Just chill, Corona will not infect Indians, if it has infected an inferior disease prone hybrid breed of humans living in china, its not going to effect desi breed of hardy Indian breeds. We have to instead concentrate on the harmful effect of Qurana virus infected ones"
224,224,2738,-1,"2017:  Some scientists outside China worry about pathogens escaping, and the addition of a biological dimension to geopolitical tensions between China and other nations.  #Wuhan #coronovirus https://www.nature.com/news/inside-the-chinese-lab-poised-to-study-world-s-most-dangerous-pathogens-1.21487¬†‚Ä¶"
225,225,4054,1,"It is encouraging. Hope it is efficient. Can borrow money from AIIB as well. Set example for EU. And of course, get China on board with technology, engineering expertise and capital.  https://twitter.com/paulkrugman/status/1228592352421449728¬†‚Ä¶"
226,226,1224,1,but the nation that is the most affected is china. It's might be a good act to send masks to china because the supply there could be low and the demand is high. but what the people were worrying over is the amount of times where our own supply would lack in those said masks.
227,227,1255,-2,And Trump's China deal is a total capitulation to China and US firms outsourcing manufacturing jobs to China
228,228,2461,0,When the deaths are only in china and theres been no reported deaths outside of china chill out peaple
229,229,3409,2,Locking down China should work. The Chinese government rules with an iron fist. They can contain a city with 11M people.
230,230,1850,2,"The FINA Champions Swim Series-Shenzhen (CHN) is held at the Shenzhen Universiade Center in south China‚Äôs Guangdong Province, January 14, 2020. Some 62 athletes from 25 countries and regions attended the event. (Photo by Chen Wen/CNSPHOTO)  pic.twitter.com/lw6H5zvEEb"
231,231,3731,0,"Cigarette companies talking about vaping in the UK, while pushing fags on kids in Africa and China."
232,232,2274,-2,Why doesn't greta go to china Hong Kong  talk to them about climate change then talk to the rest of the world thieves grifters  climate changers
233,233,3619,-1,"On Taiwan's front line with China, a constant state of alertness  https://reut.rs/2ToYL0E¬† pic.twitter.com/bFDOi3EWkZ"
234,234,1862,-2,Would be interesting to see the reliability of China‚Äôs emissions data... could be following a historic trend of data manipulation?  https://twitter.com/climate/status/1228966311381827584¬†‚Ä¶
235,235,2528,0,"Coronavirus is a fake panic designed for clicks. Member when we were gonna die from SARS or Avian flu.  The math:  570 cases in China, 95 in grave condition. China has 1.435 Billion people.  106 Deaths, 1 outside China in Thailand.  Majority deaths are from the elderly and sick.  pic.twitter.com/ckMOGF6fFC"
236,236,377,0,More than half of China extends shutdown over virus -  http://exactoptionpicks.com/?post_type=wprss_feed_item&p=514179¬†‚Ä¶
237,237,3986,-1,"#AskingForAFriend if China is killing thousands of Muslims in their country, why is Iran playing War Games with them? Oh by the way Russia doesn‚Äôt have a great love for Muslims either. #world edit"
238,238,2289,0,"On Feb 1, cured #nCoV cases began to outnumber deaths in China. As of 12am, Feb 4, a total of 632 patients have been cured and discharged. ‚úä"
239,239,1117,0,Why they have converted this handle specifically for sharing news about #Corona and every time raising questions on China. I can smell racism here.
240,240,3793,0,"It's not just China imports affected, but also their exports. I have a few orders from AliExpress which have been in the ""Ready To Ship. Awaiting Pickup"" for almost 4 weeks now."
241,241,4010,0,"This is Reuters! NOT CHINA DAILY, OK? Why do you guys keep saying it is propaganda of CCP? Is Reuters a China based media? Just be more objective to the truth that the dance did help those patients to recover from bad mood. and that it is a good thing."
242,242,3834,-2,"China is covering up the truth, but get a pat on the back by the UN and WHO... they nothing more then corrupt organisations that promote crimes against humanity.. Please pray for the people in China.."
243,243,2870,0,New virus in China requires international control effort  https://www.nature.com/articles/d41586-020-00135-z¬†‚Ä¶
244,244,1126,1,"With just 15% so much Nuisance & Threat üòÇ Imagine if these  Vultures üëπ R into Majority then??  Across the Globe 'Sharia & Jihadi Mindset' is spreading faster than Coronavirus?? Every country must respond like China, Israel & Russia.‚úä"
245,245,2689,0,Protocols have been activated at the airport after reports surfaced about a SARS-like virus spreading in China.  Read more:  https://www.103fm.tt/news/minister-airport-protocols-in-place-to-deal-with-new-sars-like-virus/¬†‚Ä¶
246,246,1688,2,"Happy Chinese New Year!  During the 2020 lunar ""Year of the Rat"" our TRACE2020 Charity Challenge Team will trek the Great Wall China to raise much-needed funds for our local communities around the world. We would like to wish all good luck. #Trace2020InternationalChallenge pic.twitter.com/Vn4ndMB72h"
247,247,3939,0,New post (China‚Äôs Nationwide Blockchain Network BSN Set To Go Live In April 2020) has been published on Crypto Global News Team -  https://cryptognt.com/chinas-nationwide-blockchain-network-bsn-set-to-go-live-in-april-2020/¬†‚Ä¶ pic.twitter.com/8KG5STzlH6
248,248,4153,-1,"Then I have a question here, why the same Apple denied US government but cooperate China government do the same thing?"
249,249,3248,2,". @MXC_Exchange is pretty popular in China, this brings in a decent chunk of new users to HNS :)  https://twitter.com/MXC_Exchange/status/1235426138240872448¬†‚Ä¶"
250,250,883,0,"Whoa baby, don't be mad.  There's no arguments here, just showing you the error of ways of equating the Chinese, who were people, to the filth  infesting mainland china known as the chi-coms."
251,251,3029,2,China to Continue Promoting Strategic Partnership With Russia - Chinese Foreign Minister Wang Yi  https://sputniknews.com/world/202002151078323090-china-to-continue-promoting-strategic-partnership-with-russia---foreign-minister/¬†‚Ä¶ via @SputnikInt pic.twitter.com/qSPd4gd6xv
252,252,1928,-1,If Democrats win the elections in 2020 I‚Äôll move to China even if the Corona virus is still around. üò¨
253,253,392,-1,The virus itself in NOT a national emergency. Our Republic‚Äôs dependence upon China for the vast majority of needed pharmaceuticals is. Bring Pharmaceutical manufacturing back home!
254,254,3278,-1,China mass production of Coronavirus cure after promising research...HMMMüôÑ  https://www.express.co.uk/news/world/1241305/coronovirus-news-china-wuhan-drug-remdesivir-cure-ebola-gilead-spt¬†‚Ä¶
255,255,1849,1,National Science Board: U.S. Is Losing Technology Lead over China  https://www.breitbart.com/politics/2020/01/16/national-science-board-u-s-is-losing-technology-lead-over-china/¬†‚Ä¶
256,256,2521,-1,"Take a trip to anywhere in the Middle East, Africa, Asia, China. This is the only country with the first amendment and free speech"
257,257,3903,-1,I guess China found a way to cancel the NBA #HongKongProtests
258,258,717,-1,"Coronavirus-Stricken China Plots Mass Roundup as Cases Near 30,000  https://www.ccn.com/coronavirus-stricken-china-plots-mass-roundup-as-cases-near-30000/¬†‚Ä¶ pic.twitter.com/Gjjrjby4nF"
259,259,2825,0,White House discussing China travel restrictions amid coronavirus¬†outbreak  http://chiefxpressdog.net/2020/01/28/white-house-discussing-china-travel-restrictions-amid-coronavirus-outbreak/¬†‚Ä¶
260,260,1868,0,Uganda not importing goods from China due to the #coronavirus has frozen many businesses hence affecting their income and Government revenue
261,261,4150,1,I encourage him to take his next round of chemo in China.
262,262,2306,-1,this virus  was made  to take over  the  china  government    it cant  be  stop they will  all die  if  the  government dose not step  down
263,263,2637,0,"Also os pensais que Asia es solo Corea, Japon, China y xd  pic.twitter.com/R4kO3KXb1a"
264,264,2146,0,"China broadens the definition of what #coronavirus infection means. And this ""senator"" goes into a hysterical outburst! Is it possible for anyone to be more uninformed, more biased and more braindead than this? And he is a Senator? Do you now understand where Trump comes from? https://twitter.com/SenTomCotton/status/1227986865074114560¬†‚Ä¶"
265,265,3048,0,Years from now we will all probably be suffering from the worsening impacts of climate change.  Likely won‚Äôt even think about you or China.  Thanks for making that worse.
266,266,2278,1,China won  https://www.google.com/amp/s/www.news18.com/amp/news/india/china-inches-closer-to-finishing-construction-of-all-weather-road-in-doklam-2004867.html¬†‚Ä¶
267,267,3710,0,"Plus #India on travel from #China and #coronaviruschina, v @IndoPac_Info  https://www.timesnownews.com/india/article/coronavirus-outbreak-govt-suspends-air-travel-from-china-declares-all-visas-invalid/549308¬†‚Ä¶ @TravelGoC #cdnfp #JustinTrudeau @CanadaFP @FP_Champagne @JustinTrudeau #Wuhan #coronaviruswuhan @CanadainIndia"
268,268,3354,-1,$AMZN looks strong. Good thing they don‚Äôt sell anything made in China....
269,269,3954,0,"China shuts down transport, temples as virus death toll rises to 25 - Reuters  https://www.reuters.com/article/us-china-health/china-shuts-down-transport-temples-as-virus-death-toll-rises-to-25-idUSKBN1ZM087¬†‚Ä¶"
270,270,3280,0,"This week, 1,040 international flights arriving at and departing from KIX were canceled, accounting for 73%. There were only two flights to mainland China, three flights to Hong Kong and four flights to Korea yesterday.  https://twitter.com/traicycom/status/1237217121567817728¬†‚Ä¶"
271,271,2329,1,"buying made in China n95 face masks at the one pharmacy left in Oakland that has them, shipping them all the way back to family in China bc there‚Äôs a face mask shortage. #modernlife"
272,272,1018,-1,Coronavirus: China scrambles to contain ‚Äòstrengthening‚Äô¬†virus  https://www.newsmonger.com.ng/nigerian-news/28235/coronavirus-china-scrambles-to-contain-strengthening-virus/¬†‚Ä¶ pic.twitter.com/P0ejy24d6Z
273,273,1515,-2,China is struggling with coronavirus disinformation after writing off inconvenient truths as fake news  http://rss.cnn.com/~r/rss/cnn_world/~3/mHUlujnbY0Q/index.html¬†‚Ä¶
274,274,2236,-1,Let‚Äôs look at trump‚Äôs useless kids. All are on the payroll. Let‚Äôs talk about ivanka‚Äôs multiple patents in China and Russia. One of them is for voting machines! What special skills does Jared have other than using his position to get more cash for his failed deals?
275,275,1324,0,"National mortality rate China is stable, as of Feb. 4 at 2.1%. It is mainly male, accounting for 2/3, females accounting for 1/3. More than 80% are over 60 years old, and more than 75% had cardiovascular diseases, diabetes and, in some cases, tumor."
276,276,2213,0,"Coronavirus toll rises to 2,835 in China, over 79,000 affected  Read more at:  http://www.jammulinksnews.com/newsdetail/217755/Jammu-Links-News-Coronavirus_toll_rises_to_2_835_in_China__over_79_000_affected¬†‚Ä¶ pic.twitter.com/2hTJshzAgv"
277,277,685,-2,We have tens of thousands of these spies from China. Any ideas?
278,278,3317,-1,Major Airlines Around the World Are Stopping Flights to China Over Coronavirus¬†Fears  https://pezou.com/asia/major-airlines-around-the-world-are-stopping-flights-to-china-over-coronavirus-fears-2.html¬†‚Ä¶ pic.twitter.com/C72m9DFrIO
279,279,664,0,"JUST IN: A 70-year-old man dies in Hong Kong from the coronavirus, the second to die of the disease in the city, local news site HK01 reports https://trib.al/y0adBp6¬†"
280,280,1698,1,"#China cracked a big case of trafficking #endangered #wildlife #Saiga #antelope horns late 2019. Amount equals 40,000,000+ RMB; 23 suspects arrested. I wonder 1) Where they came from? Wild population of #saiga in China already extinct. 2) Why #logistics company delivered them? pic.twitter.com/D8ZaPTNcaO"
281,281,1416,-1,"@realDonaldTrump - Mr. President, there are a lot of retards in this country, but w/ all respect, most of us are smart & know if a virus started in CHINA & now has moved to the U.S. & many other countries, some TERRORISTS are INTENTIONALLY planting this virus all over the world."
282,282,1783,-1,"I don‚Äôt Mike, I‚Äôm not a scientist but I have common sense.  Until little annoying Greta turns up in China and gives them a lecture about their impact on global warming ,what is the point?"
283,283,2905,1,China has reaped the demographic dividend.
284,284,1194,0,they're basically china health organization not WHO  https://twitter.com/alvinllum/status/1221979822454272001?s=19¬†‚Ä¶
285,285,3626,-1,"Hunter took a million a year. Then he took a billion from China. He's a drug addict that knocked up a stripper, so there's no way his daddy's connections had anything to do with it...now about Joe's brother..."
286,286,754,-2,üëá Dirty lying politician #Joe30330:  ‚õîÔ∏èCAGED Latino kids ‚õîÔ∏èdeported MILLIONS of LATINOS ‚õîÔ∏èpro-NAFTA/China OFFSHORING ‚õîÔ∏èpro-IRAQ war ‚õîÔ∏èpro-‚úÇÔ∏èSocial Security  Obama hanger-ons will lose again to Trump in 2020.  üëá Please RT  pic.twitter.com/mcGIcHv1GV
287,287,1639,-1,You still hear the people sing: Les Mis protest anthem blazes from France to China  https://www.theguardian.com/stage/2020/feb/13/do-you-hear-the-people-sing-les-miserables-france-china¬†‚Ä¶
288,288,3528,0,Via @euronews: Coronavirus 'getting stronger' says China as U.S. confirms five cases  https://www.euronews.com/2020/01/22/watch-live-who-director-general-statement-on-coronavirus-outbreak¬†‚Ä¶
289,289,2175,-1,Trump administration pressed Dutch hard to cancel China chip-equipment sale: sources  https://reut.rs/2MZiMHj¬†
290,290,2370,0,China confirms 106 deaths as coronavirus spreads to multiple countries   https://twitter.com/i/events/1219057585707315201¬†‚Ä¶
291,291,2331,0,"I thought China was neer peer and Russia was rogue? Are PMCs the future then? I'm a chem guy, so I always thought superior tech would let us win."
292,292,800,1,"Rockefeller: ‚ÄúWhatever the price of ..Chinese Revolution, it has succeeded not only in producing more efficient & dedicated administration, .. also in fostering community of purpose. The social experiment in China under Mao is one of the most imp. & successful in human history.‚Äù  https://twitter.com/ActivistPost/status/1231673532003835905¬†‚Ä¶"
293,293,932,1,"Never seen a non-Chinese getting this much respect and preferences until now. China plus Tesla, Not even Apple could do this. What if SpaceX goes to China?  https://twitter.com/vincent13031925/status/1214451981638459393¬†‚Ä¶"
294,294,1936,-1,The US and indeed The West generally is also losing the race to implement blockchain to China too. That means infrastructure and global software out of your control. Time to stop fighting #blockchain before it‚Äôs too late?
295,295,579,0,"It is reported that the number of new coronavirus cases confirmed in China,outside of Hubei Province,has declined for 11 consecutive days since February 3. A total of 221 new confirmed cases(excluding Hubei Province) in China on Feb. 14.#coronavirus #China #COVID19 #Wuhan pic.twitter.com/X8U1iXisUt"
296,296,2511,-1,#coronoavirus Malaysia please banned china tourist please üò≠
297,297,2195,-2,Shocking Footage Shows People In China Being Rounded Up As 'Wartime' Mea...  https://youtu.be/G_ghnB0Qotg¬† via @YouTube. Today‚Äôs shocking report....üòî
298,298,1057,0,"Coronavirus   The coronavirus has quickly spread throughout mainland China in early 2020, with individual cases appearing around the world. The...   https://sortiwa.com/coronavirus/¬†"
299,299,3242,-1,If you been to China recently stay tf away from me üôåüèΩ
300,300,1782,2,"A hospital built in just 10 days has started accepting virus patients in Wuhan, China  http://newjersey.news12.com/story/41646742/built-in-10-days-chinas-virus-hospital-takes-1st-patients¬†‚Ä¶"
301,301,1269,-1,"The West, led by the U.S., should openly state its intention to support internal reform in China."
302,302,2908,-1,"China‚Äôs viral outbreak is straining the resources of front-line hospital staff in epidemic-stricken Wuhan, who have been forced to turn away patients  https://www.wsj.com/articles/china-virus-overwhelms-wuhans-health-system-as-government-rushes-to-build-new-hospital-11579871387¬†‚Ä¶ via @WSJ"
303,303,2135,-1,"Novel coronavirus is believed to have come from wild animals that were illegally sold at the South China Seafood Wholesale Market in Wuhan, official says    http://www.sixthtone.com/news/1005112/wuhan-coronavirus-latest-updates¬†‚Ä¶"
304,304,2773,-2,Pity the fool who takes China‚Äôs words at face value... #caronavirusoutbreak #huawei #FiveEyes #HongKongProtests  Chinese President's early knowledge of coronavirus outbreak raises questions http://www.abc.net.au/news/2020-02-17/questions-over-xi-jinpings-early-knowledge-of-coronavirus/11970870¬†‚Ä¶
305,305,305,-2,"I was speaking only about the picture and survey in question - not the current Iran situation. Like it or not, the US keeps those dictators in check so it looks like they are passive or peaceful. Imagine a world in which the dominant power is Iran, China, Russia, or North Korea."
306,306,4158,1,China nuclear missile development steps up a gear  https://www.scmp.com/news/china/military/article/3044674/china-nuclear-missile-development-steps-gear-test-weapon¬†‚Ä¶ via @scmpnews
307,307,2475,-2,pls write a report to let the whole world knows how evil of Hk and china Government
308,308,2742,0,How about a word of concern for China.  That would be too magnanimous a move for you. #WorstPresidentEver
309,309,2796,0,"And of course, no cases of #coronavirus in Canada. Not like we have any travel to and from China. #cdnpoli https://twitter.com/kinsellawarren/status/1220817555947999232¬†‚Ä¶"
310,310,3035,0,Malaysia Blocks Cruise Ships from China and Westerdam Passengers after COVID-19¬†Case  https://pezou.com/asia/malaysia-blocks-cruise-ships-from-china-and-westerdam-passengers-after-covid-19-case.html¬†‚Ä¶ pic.twitter.com/fneQJ0nMc8
311,311,3187,-1,"Bolton Reportedly Raised Alarm About Trump Granting Favors To China, Turkey Leaders  http://dlvr.it/RNt87m¬† pic.twitter.com/mcer6eoLBv"
312,312,1890,-1,Mention One Person You Think We Should Depot To China  Me @kobsol @PerryWi82852619
313,313,2720,-1,"Yeah because China isn't paying for it, the consumer is!!! ü§™"
314,314,2087,0,"2/3  and there are more serious outbreaks in China, Wuhan and Huanggang. They are in Hubei Province. Alibaba Translation I will still keep in touch with you because the network is available.  There is just no way to return to work. The national holiday has been postponed."
315,315,1949,0,No wonder dey never stop airline conveying people to and fro china to Ethiopia even on at the rage of the virus  #africawhy
316,316,1503,0,"@mapintl  is partnering with The UPS Foundation to airlift 1.3 million respirator masks and 10,000 protective coveralls to hard-hit hospitals treating coronavirus patients in Wuhan, China.  https://buff.ly/2V8xjW1¬† pic.twitter.com/zKhi0f4UaV"
317,317,3174,0,"Coronavirus Update (Live): 88,310 Cases and 3,001 Deaths from COVID-19 Wuhan China Virus Outbreak - Worldometer  https://www.worldometers.info/coronavirus/#countries¬†‚Ä¶"
318,318,1241,-2,"@SecPompeo stop all entry from China, please. #MAGA https://twitter.com/RacySicilian/status/1221115816814485504¬†‚Ä¶"
319,319,1794,1,"Many in the #gameindustry are asking how the epidemic in China is affecting the game industry. We compiled a few of the stories created during China's great ""working from home"" experiment. #corornavirus  https://buff.ly/2vu5lZG¬† pic.twitter.com/l7vLWw7oZ6"
320,320,3725,-2,Truthfully if you can't get anyone to prosecute them in a three or 4 year term. Then we as a nation are doomed to assassinations and war. PS Seek reparations from China for the bio weapons leak called covid-19 ( Coronavirus)
321,321,2281,0,Agreed but China is Ground Zero best to reduce virus spread n rate of increase by 3/4
322,322,2188,0,"I just posted ""China station admits New Year's drone show was prerecorded"" on Reddit   https://www.reddit.com/r/u_Christopher_Harry/comments/eknnne/china_station_admits_new_years_drone_show_was/?utm_content=post&utm_medium=twitter&utm_source=share&utm_name=submit&utm_term=t3_eknnne¬†‚Ä¶"
323,323,3261,1,"""Moving"" to China for a few weeks while waiting for Noya.  Sketch while waiting the bus, so many mistakes bcs I had no reference, so sorry I'll work hard from now on  pic.twitter.com/BKJzlIcJax"
324,324,1568,0,‚Äòelites‚Äô ( corporations) profiting from China
325,325,2462,-1,China complaining about pollution is a bit like Sherlock Holmes protesting against Jimmy Saville
326,326,3901,-2,Emojis break through the Chinese firewall  https://qz.com/1816219/chinese-internet-rallied-to-save-a-censored-coronavirus-story/¬†‚Ä¶ #covid19 #China #FreeSpeech
327,327,3493,-1,"@POTUS  they are told not to be friends or be nice to veterans I am thinking of doing something I feel in love with my nurse and we really can't see each other so she told me, I have proof I have an incredible story there trying to kill me I was told I can buy a liver from china  https://twitter.com/Tomu_Tom_/status/1225391964801073152¬†‚Ä¶"
328,328,1436,-2,@BillClinton When you were president you declared the people's republic of China a strategic partner of the United States. Simultaneously the PRC was and continues to steal an amazing amount of cyber information from American repositories.....
329,329,1943,-1,#Breakingnews #Coronavirus #Coronaoutbreak #Germany  Docter says only information on #nCoV2019 they got from China was number of infections and deaths. No more information were given to EU/gov.   Chinese woman the source of infection in Germany Happened at an office !  *DRAMA2.0*  https://twitter.com/CGTNEurope/status/1224763612281085953¬†‚Ä¶ pic.twitter.com/4NY1igYDXX
330,330,3855,-1,Coronavirus: Hong Kong to quarantine visitors from mainland¬†China  https://thebreakingnewsheadlines.com/blog/coronavirus-hong-kong-to-quarantine-visitors-from-mainland-china/¬†‚Ä¶ pic.twitter.com/dNIRoIE3Nu
331,331,2468,1,#ThankYouTharnType  I will support you forever‚ù§Ô∏è@MSuppasit @gulfkanawut I am look forward to your fanmeeting in China.  cr. logo  pic.twitter.com/ybjhrIvinx
332,332,2963,0,China tech start-ups go bust in 2019 ‚Äòcapital winter‚Äô via @FT https://www.ft.com/content/b74394c8-2d57-11ea-a126-99756bd8f45e?shareType=nongift¬†‚Ä¶
333,333,1560,0,New virus death as China confirms human-to-human transmission  https://bbc.in/2uf8xYT¬†
